date,nav,accum_nav,daily_growth,purchase_status,redeem_status
2017-06-23,1.0001,1.0001,,封闭期,封闭期
2017-06-30,1.0001,1.0001,,封闭期,封闭期
2017-07-07,1.0006,1.0006,,封闭期,封闭期
2017-07-10,1.0008,1.0008,0.02%,封闭期,封闭期
2017-07-11,1.0009,1.0009,0.01%,封闭期,封闭期
2017-07-12,1.0008,1.0008,-0.01%,封闭期,封闭期
2017-07-13,1.0008,1.0008,0.00%,封闭期,封闭期
2017-07-14,1.0008,1.0008,0.00%,限制大额申购,开放赎回
2017-07-17,1.0014,1.0014,0.06%,限制大额申购,开放赎回
2017-07-18,1.0019,1.0019,0.05%,限制大额申购,开放赎回
2017-07-19,1.0020,1.0020,0.01%,限制大额申购,开放赎回
2017-07-20,1.0008,1.0008,-0.12%,限制大额申购,开放赎回
2017-07-21,1.0007,1.0007,-0.01%,限制大额申购,开放赎回
2017-07-24,1.0017,1.0017,0.10%,限制大额申购,开放赎回
2017-07-25,1.0015,1.0015,-0.02%,限制大额申购,开放赎回
2017-07-26,1.0028,1.0028,0.13%,限制大额申购,开放赎回
2017-07-27,0.9998,0.9998,-0.30%,限制大额申购,开放赎回
2017-07-28,0.9994,0.9994,-0.04%,限制大额申购,开放赎回
2017-07-31,0.9968,0.9968,-0.26%,限制大额申购,开放赎回
2017-08-01,0.9970,0.9970,0.02%,限制大额申购,开放赎回
2017-08-02,0.9987,0.9987,0.17%,限制大额申购,开放赎回
2017-08-03,0.9972,0.9972,-0.15%,限制大额申购,开放赎回
2017-08-04,0.9972,0.9972,0.00%,限制大额申购,开放赎回
2017-08-07,1.0002,1.0002,0.30%,限制大额申购,开放赎回
2017-08-08,0.9994,0.9994,-0.08%,限制大额申购,开放赎回
2017-08-09,0.9980,0.9980,-0.14%,限制大额申购,开放赎回
2017-08-10,0.9833,0.9833,-1.47%,限制大额申购,开放赎回
2017-08-11,0.9863,0.9863,0.31%,限制大额申购,开放赎回
2017-08-14,0.9933,0.9933,0.71%,限制大额申购,开放赎回
2017-08-15,0.9944,0.9944,0.11%,限制大额申购,开放赎回
2017-08-16,0.9962,0.9962,0.18%,限制大额申购,开放赎回
2017-08-17,0.9838,0.9838,-1.24%,限制大额申购,开放赎回
2017-08-18,0.9836,0.9836,-0.02%,限制大额申购,开放赎回
2017-08-21,0.9827,0.9827,-0.09%,限制大额申购,开放赎回
2017-08-22,0.9901,0.9901,0.75%,限制大额申购,开放赎回
2017-08-23,0.9883,0.9883,-0.18%,限制大额申购,开放赎回
2017-08-24,0.9856,0.9856,-0.27%,限制大额申购,开放赎回
2017-08-25,0.9849,0.9849,-0.07%,限制大额申购,开放赎回
2017-08-28,0.9843,0.9843,-0.06%,限制大额申购,开放赎回
2017-08-29,0.9861,0.9861,0.18%,限制大额申购,开放赎回
2017-08-30,0.9912,0.9912,0.52%,限制大额申购,开放赎回
2017-08-31,0.9956,0.9956,0.44%,限制大额申购,开放赎回
2017-09-01,0.9945,0.9945,-0.11%,限制大额申购,开放赎回
2017-09-05,0.9833,0.9833,,限制大额申购,开放赎回
2017-09-06,0.9843,0.9843,0.10%,限制大额申购,开放赎回
2017-09-07,0.9855,0.9855,0.12%,限制大额申购,开放赎回
2017-09-08,0.9764,0.9764,-0.92%,限制大额申购,开放赎回
2017-09-11,0.9845,0.9845,0.83%,限制大额申购,开放赎回
2017-09-12,0.9901,0.9901,0.57%,限制大额申购,开放赎回
2017-09-13,0.9925,0.9925,0.24%,限制大额申购,开放赎回
2017-09-14,0.9888,0.9888,-0.37%,限制大额申购,开放赎回
2017-09-15,0.9907,0.9907,0.19%,限制大额申购,开放赎回
2017-09-18,0.9895,0.9895,-0.12%,限制大额申购,开放赎回
2017-09-19,0.9924,0.9924,0.29%,限制大额申购,开放赎回
2017-09-20,0.9917,0.9917,-0.07%,限制大额申购,开放赎回
2017-09-21,0.9885,0.9885,-0.32%,限制大额申购,开放赎回
2017-09-22,0.9879,0.9879,-0.06%,限制大额申购,开放赎回
2017-09-25,0.9789,0.9789,-0.91%,限制大额申购,开放赎回
2017-09-26,0.9829,0.9829,0.41%,限制大额申购,开放赎回
2017-09-27,0.9932,0.9932,1.05%,限制大额申购,开放赎回
2017-09-28,0.9938,0.9938,0.06%,限制大额申购,开放赎回
2017-09-29,1.0022,1.0022,0.85%,限制大额申购,开放赎回
2017-10-09,1.0156,1.0156,1.34%,限制大额申购,开放赎回
2017-10-10,1.0130,1.0130,-0.26%,限制大额申购,开放赎回
2017-10-11,1.0091,1.0091,-0.39%,限制大额申购,开放赎回
2017-10-12,1.0068,1.0068,-0.23%,限制大额申购,开放赎回
2017-10-13,1.0112,1.0112,0.44%,限制大额申购,开放赎回
2017-10-16,1.0141,1.0141,0.29%,限制大额申购,开放赎回
2017-10-17,1.0160,1.0160,0.19%,限制大额申购,开放赎回
2017-10-18,1.0164,1.0164,0.04%,限制大额申购,开放赎回
2017-10-19,1.0145,1.0145,-0.19%,限制大额申购,开放赎回
2017-10-20,1.0170,1.0170,0.25%,限制大额申购,开放赎回
2017-10-23,1.0122,1.0122,-0.47%,限制大额申购,开放赎回
2017-10-24,1.0150,1.0150,0.28%,限制大额申购,开放赎回
2017-10-25,1.0118,1.0118,-0.32%,限制大额申购,开放赎回
2017-10-26,1.0086,1.0086,-0.32%,限制大额申购,开放赎回
2017-10-27,1.0391,1.0391,3.02%,限制大额申购,开放赎回
2017-10-30,1.0415,1.0415,0.23%,限制大额申购,开放赎回
2017-10-31,1.0434,1.0434,0.18%,限制大额申购,开放赎回
2017-11-01,1.0417,1.0417,-0.16%,限制大额申购,开放赎回
2017-11-02,1.0378,1.0378,-0.37%,限制大额申购,开放赎回
2017-11-03,1.0448,1.0448,0.67%,限制大额申购,开放赎回
2017-11-06,1.0510,1.0510,0.59%,限制大额申购,开放赎回
2017-11-07,1.0516,1.0516,0.06%,限制大额申购,开放赎回
2017-11-08,1.0565,1.0565,0.47%,限制大额申购,开放赎回
2017-11-09,1.0520,1.0520,-0.43%,限制大额申购,开放赎回
2017-11-10,1.0512,1.0512,-0.08%,限制大额申购,开放赎回
2017-11-13,1.0533,1.0533,0.20%,限制大额申购,开放赎回
2017-11-14,1.0505,1.0505,-0.27%,限制大额申购,开放赎回
2017-11-15,1.0431,1.0431,-0.70%,限制大额申购,开放赎回
2017-11-16,1.0564,1.0564,1.28%,限制大额申购,开放赎回
2017-11-17,1.0524,1.0524,-0.38%,限制大额申购,开放赎回
2017-11-20,1.0512,1.0512,-0.11%,限制大额申购,开放赎回
2017-11-21,1.0636,1.0636,1.18%,限制大额申购,开放赎回
2017-11-22,1.0638,1.0638,0.02%,限制大额申购,开放赎回
2017-11-24,1.0595,1.0595,,限制大额申购,开放赎回
2017-11-27,1.0598,1.0598,0.03%,限制大额申购,开放赎回
2017-11-28,1.0637,1.0637,0.37%,限制大额申购,开放赎回
2017-11-29,1.0474,1.0474,-1.53%,限制大额申购,开放赎回
2017-11-30,1.0563,1.0563,0.85%,限制大额申购,开放赎回
2017-12-01,1.0525,1.0525,-0.36%,限制大额申购,开放赎回
2017-12-04,1.0413,1.0413,-1.06%,限制大额申购,开放赎回
2017-12-05,1.0416,1.0416,0.03%,限制大额申购,开放赎回
2017-12-06,1.0466,1.0466,0.48%,限制大额申购,开放赎回
2017-12-07,1.0508,1.0508,0.40%,限制大额申购,开放赎回
2017-12-08,1.0556,1.0556,0.46%,限制大额申购,开放赎回
2017-12-11,1.0623,1.0623,0.63%,限制大额申购,开放赎回
2017-12-12,1.0608,1.0608,-0.14%,限制大额申购,开放赎回
2017-12-13,1.0639,1.0639,0.29%,限制大额申购,开放赎回
2017-12-14,1.0597,1.0597,-0.39%,限制大额申购,开放赎回
2017-12-15,1.0730,1.0730,1.26%,限制大额申购,开放赎回
2017-12-18,1.0811,1.0811,0.75%,限制大额申购,开放赎回
2017-12-19,1.0749,1.0749,-0.57%,限制大额申购,开放赎回
2017-12-20,1.0731,1.0731,-0.17%,限制大额申购,开放赎回
2017-12-21,1.0686,1.0686,-0.42%,限制大额申购,开放赎回
2017-12-22,1.0677,1.0677,-0.08%,限制大额申购,开放赎回
2017-12-26,1.0561,1.0561,,限制大额申购,开放赎回
2017-12-27,1.0564,1.0564,0.03%,限制大额申购,开放赎回
2017-12-28,1.0573,1.0573,0.09%,限制大额申购,开放赎回
2017-12-29,1.0491,1.0491,-0.78%,限制大额申购,开放赎回
2017-12-31,1.0481,1.0481,,限制大额申购,开放赎回
2018-01-02,1.0617,1.0617,1.20%,限制大额申购,开放赎回
2018-01-03,1.0691,1.0691,0.70%,限制大额申购,开放赎回
2018-01-04,1.0726,1.0726,0.33%,限制大额申购,开放赎回
2018-01-05,1.0809,1.0809,0.77%,限制大额申购,开放赎回
2018-01-08,1.0829,1.0829,0.19%,限制大额申购,开放赎回
2018-01-09,1.0854,1.0854,0.23%,限制大额申购,开放赎回
2018-01-10,1.0871,1.0871,0.16%,限制大额申购,开放赎回
2018-01-11,1.0930,1.0930,0.54%,限制大额申购,开放赎回
2018-01-12,1.0969,1.0969,0.36%,限制大额申购,开放赎回
2018-01-16,1.0838,1.0838,,限制大额申购,开放赎回
2018-01-17,1.0944,1.0944,0.98%,限制大额申购,开放赎回
2018-01-18,1.0956,1.0956,0.11%,限制大额申购,开放赎回
2018-01-19,1.0951,1.0951,-0.05%,限制大额申购,开放赎回
2018-01-22,1.1049,1.1049,0.89%,限制大额申购,开放赎回
2018-01-23,1.1116,1.1116,0.61%,限制大额申购,开放赎回
2018-01-24,1.1033,1.1033,-0.75%,限制大额申购,开放赎回
2018-01-25,1.0994,1.0994,-0.35%,限制大额申购,开放赎回
2018-01-26,1.1103,1.1103,0.99%,限制大额申购,开放赎回
2018-01-29,1.1020,1.1020,-0.75%,限制大额申购,开放赎回
2018-01-30,1.0943,1.0943,-0.70%,限制大额申购,开放赎回
2018-01-31,1.0975,1.0975,0.29%,限制大额申购,开放赎回
2018-02-01,1.0853,1.0853,-1.11%,限制大额申购,开放赎回
2018-02-02,1.0615,1.0615,-2.19%,限制大额申购,开放赎回
2018-02-05,1.0243,1.0243,-3.50%,限制大额申购,开放赎回
2018-02-06,1.0507,1.0507,2.58%,限制大额申购,开放赎回
2018-02-07,1.0346,1.0346,-1.53%,限制大额申购,开放赎回
2018-02-08,0.9923,0.9923,-4.09%,限制大额申购,开放赎回
2018-02-09,1.0146,1.0146,2.25%,限制大额申购,开放赎回
2018-02-12,1.0281,1.0281,1.33%,限制大额申购,开放赎回
2018-02-13,1.0367,1.0367,0.84%,限制大额申购,开放赎回
2018-02-14,1.0582,1.0582,2.07%,限制大额申购,开放赎回
2018-02-22,1.0725,1.0725,1.35%,限制大额申购,开放赎回
2018-02-23,1.0918,1.0918,1.80%,限制大额申购,开放赎回
2018-02-26,1.1036,1.1036,1.08%,限制大额申购,开放赎回
2018-02-27,1.0864,1.0864,-1.56%,限制大额申购,开放赎回
2018-02-28,1.0820,1.0820,-0.41%,限制大额申购,开放赎回
2018-03-01,1.0673,1.0673,-1.36%,限制大额申购,开放赎回
2018-03-02,1.0761,1.0761,0.82%,限制大额申购,开放赎回
2018-03-05,1.0882,1.0882,1.12%,限制大额申购,开放赎回
2018-03-06,1.0922,1.0922,0.37%,限制大额申购,开放赎回
2018-03-07,1.0931,1.0931,0.08%,限制大额申购,开放赎回
2018-03-08,1.0978,1.0978,0.43%,限制大额申购,开放赎回
2018-03-09,1.1221,1.1221,2.21%,限制大额申购,开放赎回
2018-03-12,1.1243,1.1243,0.20%,限制大额申购,开放赎回
2018-03-13,1.1095,1.1095,-1.32%,限制大额申购,开放赎回
2018-03-14,1.1084,1.1084,-0.10%,限制大额申购,开放赎回
2018-03-15,1.1057,1.1057,-0.24%,限制大额申购,开放赎回
2018-03-16,1.1076,1.1076,0.17%,限制大额申购,开放赎回
2018-03-19,1.0840,1.0840,-2.13%,限制大额申购,开放赎回
2018-03-20,1.0858,1.0858,0.17%,限制大额申购,开放赎回
2018-03-21,1.0835,1.0835,-0.21%,限制大额申购,开放赎回
2018-03-22,1.0540,1.0540,-2.72%,限制大额申购,开放赎回
2018-03-23,1.0294,1.0294,-2.33%,限制大额申购,开放赎回
2018-03-26,1.0653,1.0653,3.49%,限制大额申购,开放赎回
2018-03-27,1.0250,1.0250,-3.78%,限制大额申购,开放赎回
2018-03-28,1.0141,1.0141,-1.06%,限制大额申购,开放赎回
2018-03-29,1.0364,1.0364,2.20%,限制大额申购,开放赎回
2018-04-02,1.0021,1.0021,,限制大额申购,开放赎回
2018-04-03,1.0134,1.0134,1.13%,限制大额申购,开放赎回
2018-04-04,1.0301,1.0301,1.65%,限制大额申购,开放赎回
2018-04-09,1.0198,1.0198,-1.00%,限制大额申购,开放赎回
2018-04-10,1.0405,1.0405,2.03%,限制大额申购,开放赎回
2018-04-11,1.0330,1.0330,-0.72%,限制大额申购,开放赎回
2018-04-12,1.0423,1.0423,0.90%,限制大额申购,开放赎回
2018-04-13,1.0392,1.0392,-0.30%,限制大额申购,开放赎回
2018-04-16,1.0457,1.0457,0.63%,限制大额申购,开放赎回
2018-04-17,1.0646,1.0646,1.81%,限制大额申购,开放赎回
2018-04-18,1.0678,1.0678,0.30%,限制大额申购,开放赎回
2018-04-19,1.0593,1.0593,-0.80%,限制大额申购,开放赎回
2018-04-20,1.0443,1.0443,-1.42%,限制大额申购,开放赎回
2018-04-23,1.0436,1.0436,-0.07%,限制大额申购,开放赎回
2018-04-24,1.0258,1.0258,-1.71%,限制大额申购,开放赎回
2018-04-25,1.0238,1.0238,-0.20%,限制大额申购,开放赎回
2018-04-26,1.0474,1.0474,2.31%,限制大额申购,开放赎回
2018-04-27,1.0504,1.0504,0.29%,限制大额申购,开放赎回
2018-05-02,1.0531,1.0531,0.26%,开放申购,开放赎回
2018-05-03,1.0540,1.0540,0.09%,开放申购,开放赎回
2018-05-04,1.0696,1.0696,1.48%,开放申购,开放赎回
2018-05-07,1.0784,1.0784,0.82%,开放申购,开放赎回
2018-05-08,1.0789,1.0789,0.05%,开放申购,开放赎回
2018-05-09,1.0915,1.0915,1.17%,开放申购,开放赎回
2018-05-10,1.1027,1.1027,1.03%,开放申购,开放赎回
2018-05-11,1.0973,1.0973,-0.49%,开放申购,开放赎回
2018-05-14,1.0958,1.0958,-0.14%,开放申购,开放赎回
2018-05-15,1.0868,1.0868,-0.82%,开放申购,开放赎回
2018-05-16,1.0981,1.0981,1.04%,开放申购,开放赎回
2018-05-17,1.0927,1.0927,-0.49%,开放申购,开放赎回
2018-05-18,1.0888,1.0888,-0.36%,开放申购,开放赎回
2018-05-21,1.0961,1.0961,0.67%,开放申购,开放赎回
2018-05-22,1.0933,1.0933,-0.26%,开放申购,开放赎回
2018-05-23,1.1019,1.1019,0.79%,开放申购,开放赎回
2018-05-24,1.1020,1.1020,0.01%,开放申购,开放赎回
2018-05-25,1.1046,1.1046,0.24%,开放申购,开放赎回
2018-05-29,1.1019,1.1019,,开放申购,开放赎回
2018-05-30,1.1127,1.1127,0.98%,开放申购,开放赎回
2018-05-31,1.1102,1.1102,-0.22%,开放申购,开放赎回
2018-06-01,1.1267,1.1267,1.49%,开放申购,开放赎回
2018-06-04,1.1379,1.1379,0.99%,开放申购,开放赎回
2018-06-05,1.1405,1.1405,0.23%,开放申购,开放赎回
2018-06-06,1.1449,1.1449,0.39%,开放申购,开放赎回
2018-06-07,1.1340,1.1340,-0.95%,开放申购,开放赎回
2018-06-08,1.1354,1.1354,0.12%,开放申购,开放赎回
2018-06-11,1.1387,1.1387,0.29%,开放申购,开放赎回
2018-06-12,1.1457,1.1457,0.61%,开放申购,开放赎回
2018-06-13,1.1457,1.1457,0.00%,开放申购,开放赎回
2018-06-14,1.1534,1.1534,0.67%,开放申购,开放赎回
2018-06-15,1.1558,1.1558,0.21%,开放申购,开放赎回
2018-06-19,1.1503,1.1503,-0.48%,开放申购,开放赎回
2018-06-20,1.1649,1.1649,1.27%,开放申购,开放赎回
2018-06-21,1.1574,1.1574,-0.64%,开放申购,开放赎回
2018-06-22,1.1561,1.1561,-0.11%,开放申购,开放赎回
2018-06-25,1.1334,1.1334,-1.96%,开放申购,开放赎回
2018-06-26,1.1429,1.1429,0.84%,开放申购,开放赎回
2018-06-27,1.1345,1.1345,-0.74%,开放申购,开放赎回
2018-06-28,1.1508,1.1508,1.44%,开放申购,开放赎回
2018-06-29,1.1558,1.1558,0.43%,开放申购,开放赎回
2018-06-30,1.1545,1.1545,,开放申购,开放赎回
2018-07-02,1.1633,1.1633,0.65%,开放申购,开放赎回
2018-07-03,1.1562,1.1562,-0.61%,开放申购,开放赎回
2018-07-05,1.1643,1.1643,,开放申购,开放赎回
2018-07-06,1.1836,1.1836,1.66%,开放申购,开放赎回
2018-07-09,1.1952,1.1952,0.98%,开放申购,开放赎回
2018-07-10,1.1938,1.1938,-0.12%,开放申购,开放赎回
2018-07-11,1.1873,1.1873,-0.54%,开放申购,开放赎回
2018-07-12,1.2150,1.2150,2.33%,开放申购,开放赎回
2018-07-13,1.2165,1.2165,0.12%,开放申购,开放赎回
2018-07-16,1.2141,1.2141,-0.20%,开放申购,开放赎回
2018-07-17,1.2221,1.2221,0.66%,开放申购,开放赎回
2018-07-18,1.2215,1.2215,-0.05%,开放申购,开放赎回
2018-07-19,1.2180,1.2180,-0.29%,开放申购,开放赎回
2018-07-20,1.2283,1.2283,0.85%,开放申购,开放赎回
2018-07-23,1.2306,1.2306,0.19%,开放申购,开放赎回
2018-07-24,1.2414,1.2414,0.88%,开放申购,开放赎回
2018-07-25,1.2602,1.2602,1.51%,开放申购,开放赎回
2018-07-26,1.2373,1.2373,-1.82%,开放申购,开放赎回
2018-07-27,1.2259,1.2259,-0.92%,开放申购,开放赎回
2018-07-30,1.2125,1.2125,-1.09%,开放申购,开放赎回
2018-07-31,1.2190,1.2190,0.54%,开放申购,开放赎回
2018-08-01,1.2277,1.2277,0.71%,开放申购,开放赎回
2018-08-02,1.2370,1.2370,0.76%,开放申购,开放赎回
2018-08-03,1.2473,1.2473,0.83%,开放申购,开放赎回
2018-08-06,1.2575,1.2575,0.82%,开放申购,开放赎回
2018-08-07,1.2597,1.2597,0.18%,开放申购,开放赎回
2018-08-08,1.2587,1.2587,-0.08%,开放申购,开放赎回
2018-08-09,1.2584,1.2584,-0.02%,开放申购,开放赎回
2018-08-10,1.2509,1.2509,-0.60%,开放申购,开放赎回
2018-08-13,1.2536,1.2536,0.22%,开放申购,开放赎回
2018-08-14,1.2621,1.2621,0.68%,开放申购,开放赎回
2018-08-15,1.2505,1.2505,-0.92%,开放申购,开放赎回
2018-08-16,1.2553,1.2553,0.38%,开放申购,开放赎回
2018-08-17,1.2550,1.2550,-0.02%,开放申购,开放赎回
2018-08-20,1.2508,1.2508,-0.33%,开放申购,开放赎回
2018-08-21,1.2486,1.2486,-0.18%,开放申购,开放赎回
2018-08-22,1.2514,1.2514,0.22%,开放申购,开放赎回
2018-08-23,1.2514,1.2514,0.00%,开放申购,开放赎回
2018-08-24,1.2689,1.2689,1.40%,开放申购,开放赎回
2018-08-27,1.2768,1.2768,0.62%,开放申购,开放赎回
2018-08-28,1.2701,1.2701,-0.52%,开放申购,开放赎回
2018-08-29,1.2846,1.2846,1.14%,开放申购,开放赎回
2018-08-30,1.2827,1.2827,-0.15%,开放申购,开放赎回
2018-08-31,1.2869,1.2869,0.33%,开放申购,开放赎回
2018-09-04,1.2805,1.2805,,开放申购,开放赎回
2018-09-05,1.2662,1.2662,-1.12%,开放申购,开放赎回
2018-09-06,1.2544,1.2544,-0.93%,开放申购,开放赎回
2018-09-07,1.2506,1.2506,-0.30%,开放申购,开放赎回
2018-09-10,1.2557,1.2557,0.41%,开放申购,开放赎回
2018-09-11,1.2670,1.2670,0.90%,开放申购,开放赎回
2018-09-12,1.2647,1.2647,-0.18%,开放申购,开放赎回
2018-09-13,1.2756,1.2756,0.86%,开放申购,开放赎回
2018-09-14,1.2707,1.2707,-0.38%,开放申购,开放赎回
2018-09-17,1.2555,1.2555,-1.20%,开放申购,开放赎回
2018-09-18,1.2659,1.2659,0.83%,开放申购,开放赎回
2018-09-19,1.2654,1.2654,-0.04%,开放申购,开放赎回
2018-09-20,1.2772,1.2772,0.93%,开放申购,开放赎回
2018-09-21,1.2680,1.2680,-0.72%,开放申购,开放赎回
2018-09-25,1.2745,1.2745,0.51%,开放申购,开放赎回
2018-09-26,1.2768,1.2768,0.18%,开放申购,开放赎回
2018-09-27,1.2888,1.2888,0.94%,开放申购,开放赎回
2018-09-28,1.2912,1.2912,0.19%,开放申购,开放赎回
2018-10-08,1.2492,1.2492,-3.25%,开放申购,开放赎回
2018-10-09,1.2535,1.2535,0.34%,开放申购,开放赎回
2018-10-10,1.2017,1.2017,-4.13%,开放申购,开放赎回
2018-10-11,1.1889,1.1889,-1.07%,开放申购,开放赎回
2018-10-12,1.2227,1.2227,2.84%,开放申购,开放赎回
2018-10-15,1.2088,1.2088,-1.14%,开放申购,开放赎回
2018-10-16,1.2422,1.2422,2.76%,开放申购,开放赎回
2018-10-17,1.2422,1.2422,0.00%,开放申购,开放赎回
2018-10-18,1.2188,1.2188,-1.88%,开放申购,开放赎回
2018-10-19,1.2192,1.2192,0.03%,开放申购,开放赎回
2018-10-22,1.2220,1.2220,0.23%,开放申购,开放赎回
2018-10-23,1.2201,1.2201,-0.16%,开放申购,开放赎回
2018-10-24,1.1664,1.1664,-4.40%,开放申购,开放赎回
2018-10-25,1.2045,1.2045,3.27%,开放申购,开放赎回
2018-10-26,1.1779,1.1779,-2.21%,开放申购,开放赎回
2018-10-29,1.1528,1.1528,-2.13%,开放申购,开放赎回
2018-10-30,1.1726,1.1726,1.72%,开放申购,开放赎回
2018-10-31,1.1994,1.1994,2.29%,开放申购,开放赎回
2018-11-01,1.2165,1.2165,1.43%,开放申购,开放赎回
2018-11-02,1.1943,1.1943,-1.82%,开放申购,开放赎回
2018-11-05,1.1829,1.1829,-0.95%,开放申购,开放赎回
2018-11-06,1.1931,1.1931,0.86%,开放申购,开放赎回
2018-11-07,1.2276,1.2276,2.89%,开放申购,开放赎回
2018-11-08,1.2226,1.2226,-0.41%,开放申购,开放赎回
2018-11-09,1.2060,1.2060,-1.36%,开放申购,开放赎回
2018-11-12,1.1743,1.1743,-2.63%,开放申购,开放赎回
2018-11-13,1.1771,1.1771,0.24%,开放申购,开放赎回
2018-11-14,1.1639,1.1639,-1.12%,开放申购,开放赎回
2018-11-15,1.1835,1.1835,1.68%,开放申购,开放赎回
2018-11-16,1.1795,1.1795,-0.34%,开放申购,开放赎回
2018-11-19,1.1406,1.1406,-3.30%,开放申购,开放赎回
2018-11-20,1.1222,1.1222,-1.61%,开放申购,开放赎回
2018-11-21,1.1330,1.1330,0.96%,开放申购,开放赎回
2018-11-23,1.1227,1.1227,,开放申购,开放赎回
2018-11-26,1.1499,1.1499,2.42%,开放申购,开放赎回
2018-11-27,1.1537,1.1537,0.33%,开放申购,开放赎回
2018-11-28,1.1891,1.1891,3.07%,开放申购,开放赎回
2018-11-29,1.1831,1.1831,-0.50%,开放申购,开放赎回
2018-11-30,1.1925,1.1925,0.79%,开放申购,开放赎回
2018-12-03,1.2123,1.2123,1.66%,开放申购,开放赎回
2018-12-04,1.1609,1.1609,-4.24%,开放申购,开放赎回
2018-12-06,1.1623,1.1623,,开放申购,开放赎回
2018-12-07,1.1274,1.1274,-3.00%,开放申购,开放赎回
2018-12-10,1.1389,1.1389,1.02%,开放申购,开放赎回
2018-12-11,1.1472,1.1472,0.73%,开放申购,开放赎回
2018-12-12,1.1580,1.1580,0.94%,开放申购,开放赎回
2018-12-13,1.1537,1.1537,-0.37%,开放申购,开放赎回
2018-12-14,1.1252,1.1252,-2.47%,开放申购,开放赎回
2018-12-17,1.1038,1.1038,-1.90%,开放申购,开放赎回
2018-12-18,1.1100,1.1100,0.56%,开放申购,开放赎回
2018-12-19,1.0860,1.0860,-2.16%,开放申购,开放赎回
2018-12-20,1.0707,1.0707,-1.41%,开放申购,开放赎回
2018-12-21,1.0368,1.0368,-3.17%,开放申购,开放赎回
2018-12-24,1.0155,1.0155,-2.05%,开放申购,开放赎回
2018-12-26,1.0723,1.0723,,开放申购,开放赎回
2018-12-27,1.0773,1.0773,0.47%,开放申购,开放赎回
2018-12-28,1.0725,1.0725,-0.45%,开放申购,开放赎回
2018-12-31,1.0796,1.0796,,开放申购,开放赎回
2019-01-02,1.0821,1.0821,0.90%,开放申购,开放赎回
2019-01-03,1.0501,1.0501,-2.96%,开放申购,开放赎回
2019-01-04,1.0943,1.0943,4.21%,开放申购,开放赎回
2019-01-07,1.1036,1.1036,0.85%,开放申购,开放赎回
2019-01-08,1.1119,1.1119,0.75%,开放申购,开放赎回
2019-01-09,1.1219,1.1219,0.90%,开放申购,开放赎回
2019-01-10,1.1192,1.1192,-0.24%,开放申购,开放赎回
2019-01-11,1.1120,1.1120,-0.64%,开放申购,开放赎回
2019-01-14,1.0963,1.0963,-1.41%,开放申购,开放赎回
2019-01-15,1.1162,1.1162,1.82%,开放申购,开放赎回
2019-01-16,1.1172,1.1172,0.09%,开放申购,开放赎回
2019-01-17,1.1247,1.1247,0.67%,开放申购,开放赎回
2019-01-18,1.1363,1.1363,1.03%,开放申购,开放赎回
2019-01-22,1.1176,1.1176,,开放申购,开放赎回
2019-01-23,1.1212,1.1212,0.32%,开放申购,开放赎回
2019-01-24,1.1256,1.1256,0.39%,开放申购,开放赎回
2019-01-25,1.1413,1.1413,1.39%,开放申购,开放赎回
2019-01-28,1.1193,1.1193,-1.93%,开放申购,开放赎回
2019-01-29,1.1072,1.1072,-1.08%,开放申购,开放赎回
2019-01-30,1.1347,1.1347,2.48%,开放申购,开放赎回
2019-01-31,1.1451,1.1451,0.92%,开放申购,开放赎回
2019-02-01,1.1411,1.1411,-0.35%,开放申购,开放赎回
2019-02-11,1.1534,1.1534,1.08%,开放申购,开放赎回
2019-02-12,1.1745,1.1745,1.83%,开放申购,开放赎回
2019-02-13,1.1731,1.1731,-0.12%,开放申购,开放赎回
2019-02-14,1.1755,1.1755,0.20%,开放申购,开放赎回
2019-02-15,1.1786,1.1786,0.26%,开放申购,开放赎回
2019-02-19,1.1808,1.1808,,开放申购,开放赎回
2019-02-20,1.1790,1.1790,-0.15%,开放申购,开放赎回
2019-02-21,1.1686,1.1686,-0.88%,开放申购,开放赎回
2019-02-22,1.1759,1.1759,0.62%,开放申购,开放赎回
2019-02-25,1.1793,1.1793,0.29%,开放申购,开放赎回
2019-02-26,1.1775,1.1775,-0.15%,开放申购,开放赎回
2019-02-27,1.1749,1.1749,-0.22%,开放申购,开放赎回
2019-02-28,1.1728,1.1728,-0.18%,开放申购,开放赎回
2019-03-01,1.1822,1.1822,0.80%,开放申购,开放赎回
2019-03-04,1.1836,1.1836,0.12%,开放申购,开放赎回
2019-03-05,1.1836,1.1836,0.00%,开放申购,开放赎回
2019-03-06,1.1776,1.1776,-0.51%,开放申购,开放赎回
2019-03-07,1.1656,1.1656,-1.02%,开放申购,开放赎回
2019-03-08,1.1659,1.1659,0.03%,开放申购,开放赎回
2019-03-11,1.1888,1.1888,1.96%,开放申购,开放赎回
2019-03-12,1.1934,1.1934,0.39%,开放申购,开放赎回
2019-03-13,1.2018,1.2018,0.70%,开放申购,开放赎回
2019-03-14,1.1980,1.1980,-0.32%,开放申购,开放赎回
2019-03-15,1.2105,1.2105,1.04%,开放申购,开放赎回
2019-03-18,1.2120,1.2120,0.12%,开放申购,开放赎回
2019-03-19,1.2153,1.2153,0.27%,开放申购,开放赎回
2019-03-20,1.2210,1.2210,0.47%,开放申购,开放赎回
2019-03-21,1.2339,1.2339,1.06%,开放申购,开放赎回
2019-03-22,1.2097,1.2097,-1.96%,开放申购,开放赎回
2019-03-25,1.2108,1.2108,0.09%,开放申购,开放赎回
2019-03-26,1.2151,1.2151,0.36%,开放申购,开放赎回
2019-03-27,1.2101,1.2101,-0.41%,开放申购,开放赎回
2019-03-28,1.2142,1.2142,0.34%,开放申购,开放赎回
2019-03-29,1.2245,1.2245,0.85%,开放申购,开放赎回
2019-04-01,1.2365,1.2365,0.98%,开放申购,开放赎回
2019-04-02,1.2393,1.2393,0.23%,开放申购,开放赎回
2019-04-03,1.2469,1.2469,0.61%,开放申购,开放赎回
2019-04-04,1.2438,1.2438,-0.25%,开放申购,开放赎回
2019-04-08,1.2557,1.2557,0.96%,开放申购,开放赎回
2019-04-09,1.2497,1.2497,-0.48%,开放申购,开放赎回
2019-04-10,1.2558,1.2558,0.49%,开放申购,开放赎回
2019-04-11,1.2528,1.2528,-0.24%,开放申购,开放赎回
2019-04-12,1.2602,1.2602,0.59%,开放申购,开放赎回
2019-04-15,1.2583,1.2583,-0.15%,开放申购,开放赎回
2019-04-16,1.2620,1.2620,0.29%,开放申购,开放赎回
2019-04-17,1.2662,1.2662,0.33%,开放申购,开放赎回
2019-04-18,1.2640,1.2640,-0.17%,开放申购,开放赎回
2019-04-22,1.2698,1.2698,,开放申购,开放赎回
2019-04-23,1.2853,1.2853,1.22%,开放申购,开放赎回
2019-04-24,1.2834,1.2834,-0.15%,开放申购,开放赎回
2019-04-25,1.2898,1.2898,0.50%,开放申购,开放赎回
2019-04-26,1.2913,1.2913,0.12%,开放申购,开放赎回
2019-04-29,1.2932,1.2932,0.15%,开放申购,开放赎回
2019-04-30,1.2838,1.2838,-0.73%,开放申购,开放赎回
2019-05-06,1.2866,1.2866,0.22%,开放申购,开放赎回
2019-05-07,1.2676,1.2676,-1.48%,开放申购,开放赎回
2019-05-08,1.2638,1.2638,-0.30%,开放申购,开放赎回
2019-05-09,1.2596,1.2596,-0.33%,开放申购,开放赎回
2019-05-10,1.2650,1.2650,0.43%,开放申购,开放赎回
2019-05-13,1.2241,1.2241,-3.23%,开放申购,开放赎回
2019-05-14,1.2436,1.2436,1.59%,开放申购,开放赎回
2019-05-15,1.2655,1.2655,1.76%,开放申购,开放赎回
2019-05-16,1.2785,1.2785,1.03%,开放申购,开放赎回
2019-05-17,1.2695,1.2695,-0.70%,开放申购,开放赎回
2019-05-20,1.2515,1.2515,-1.42%,开放申购,开放赎回
2019-05-21,1.2634,1.2634,0.95%,开放申购,开放赎回
2019-05-22,1.2586,1.2586,-0.38%,开放申购,开放赎回
2019-05-23,1.2403,1.2403,-1.45%,开放申购,开放赎回
2019-05-24,1.2391,1.2391,-0.10%,开放申购,开放赎回
2019-05-28,1.2349,1.2349,,开放申购,开放赎回
2019-05-29,1.2251,1.2251,-0.79%,开放申购,开放赎回
2019-05-30,1.2298,1.2298,0.38%,开放申购,开放赎回
2019-05-31,1.2109,1.2109,-1.54%,开放申购,开放赎回
2019-06-03,1.1850,1.1850,-2.14%,开放申购,开放赎回
2019-06-04,1.2149,1.2149,2.52%,开放申购,开放赎回
2019-06-05,1.2253,1.2253,0.86%,开放申购,开放赎回
2019-06-06,1.2351,1.2351,0.80%,开放申购,开放赎回
2019-06-10,1.2715,1.2715,2.95%,开放申购,开放赎回
2019-06-11,1.2735,1.2735,0.16%,开放申购,开放赎回
2019-06-12,1.2668,1.2668,-0.53%,开放申购,开放赎回
2019-06-13,1.2732,1.2732,0.51%,开放申购,开放赎回
2019-06-14,1.2683,1.2683,-0.38%,开放申购,开放赎回
2019-06-17,1.2760,1.2760,0.61%,开放申购,开放赎回
2019-06-18,1.2934,1.2934,1.36%,开放申购,开放赎回
2019-06-19,1.2976,1.2976,0.32%,开放申购,开放赎回
2019-06-20,1.3072,1.3072,0.74%,开放申购,开放赎回
2019-06-21,1.2996,1.2996,-0.58%,开放申购,开放赎回
2019-06-24,1.2992,1.2992,-0.03%,开放申购,开放赎回
2019-06-25,1.2794,1.2794,-1.52%,开放申购,开放赎回
2019-06-26,1.2873,1.2873,0.62%,开放申购,开放赎回
2019-06-27,1.2936,1.2936,0.49%,开放申购,开放赎回
2019-06-28,1.2953,1.2953,0.13%,开放申购,开放赎回
2019-06-30,1.2943,1.2943,,开放申购,开放赎回
2019-07-01,1.3093,1.3093,1.08%,开放申购,开放赎回
2019-07-02,1.3107,1.3107,0.11%,开放申购,开放赎回
2019-07-03,1.3226,1.3226,0.91%,开放申购,开放赎回
2019-07-05,1.3210,1.3210,,开放申购,开放赎回
2019-07-08,1.3155,1.3155,-0.42%,开放申购,开放赎回
2019-07-09,1.3216,1.3216,0.46%,开放申购,开放赎回
2019-07-10,1.3341,1.3341,0.95%,开放申购,开放赎回
2019-07-11,1.3295,1.3295,-0.34%,开放申购,开放赎回
2019-07-12,1.3366,1.3366,0.53%,开放申购,开放赎回
2019-07-15,1.3405,1.3405,0.29%,开放申购,开放赎回
2019-07-16,1.3349,1.3349,-0.42%,开放申购,开放赎回
2019-07-17,1.3309,1.3309,-0.30%,开放申购,开放赎回
2019-07-18,1.3320,1.3320,0.08%,开放申购,开放赎回
2019-07-19,1.3186,1.3186,-1.01%,开放申购,开放赎回
2019-07-22,1.3321,1.3321,1.02%,开放申购,开放赎回
2019-07-23,1.3409,1.3409,0.66%,开放申购,开放赎回
2019-07-24,1.3505,1.3505,0.72%,开放申购,开放赎回
2019-07-25,1.3352,1.3352,-1.13%,开放申购,开放赎回
2019-07-26,1.3505,1.3505,1.15%,开放申购,开放赎回
2019-07-29,1.3462,1.3462,-0.32%,开放申购,开放赎回
2019-07-30,1.3411,1.3411,-0.38%,开放申购,开放赎回
2019-07-31,1.3240,1.3240,-1.28%,开放申购,开放赎回
2019-08-01,1.3180,1.3180,-0.45%,开放申购,开放赎回
2019-08-02,1.3009,1.3009,-1.30%,开放申购,开放赎回
2019-08-05,1.2590,1.2590,-3.22%,开放申购,开放赎回
2019-08-06,1.2847,1.2847,2.04%,开放申购,开放赎回
2019-08-07,1.2955,1.2955,0.84%,开放申购,开放赎回
2019-08-08,1.3246,1.3246,2.25%,开放申购,开放赎回
2019-08-09,1.3139,1.3139,-0.81%,开放申购,开放赎回
2019-08-12,1.3017,1.3017,-0.93%,开放申购,开放赎回
2019-08-13,1.3309,1.3309,2.24%,开放申购,开放赎回
2019-08-14,1.2923,1.2923,-2.90%,开放申购,开放赎回
2019-08-15,1.2905,1.2905,-0.14%,开放申购,开放赎回
2019-08-16,1.3122,1.3122,1.68%,开放申购,开放赎回
2019-08-19,1.3320,1.3320,1.51%,开放申购,开放赎回
2019-08-20,1.3247,1.3247,-0.55%,开放申购,开放赎回
2019-08-21,1.3357,1.3357,0.83%,开放申购,开放赎回
2019-08-22,1.3325,1.3325,-0.24%,开放申购,开放赎回
2019-08-23,1.2938,1.2938,-2.90%,开放申购,开放赎回
2019-08-26,1.3119,1.3119,1.40%,开放申购,开放赎回
2019-08-27,1.3148,1.3148,0.22%,开放申购,开放赎回
2019-08-28,1.3191,1.3191,0.33%,开放申购,开放赎回
2019-08-29,1.3385,1.3385,1.47%,开放申购,开放赎回
2019-08-30,1.3369,1.3369,-0.12%,开放申购,开放赎回
2019-09-03,1.3235,1.3235,,开放申购,开放赎回
2019-09-04,1.3415,1.3415,1.36%,开放申购,开放赎回
2019-09-05,1.3647,1.3647,1.73%,开放申购,开放赎回
2019-09-06,1.3630,1.3630,-0.12%,开放申购,开放赎回
2019-09-09,1.3594,1.3594,-0.26%,开放申购,开放赎回
2019-09-10,1.3563,1.3563,-0.23%,开放申购,开放赎回
2019-09-11,1.3684,1.3684,0.89%,开放申购,开放赎回
2019-09-12,1.3736,1.3736,0.38%,开放申购,开放赎回
2019-09-16,1.3589,1.3589,-1.07%,开放申购,开放赎回
2019-09-17,1.3664,1.3664,0.55%,开放申购,开放赎回
2019-09-18,1.3662,1.3662,-0.01%,开放申购,开放赎回
2019-09-19,1.3685,1.3685,0.17%,开放申购,开放赎回
2019-09-20,1.3559,1.3559,-0.92%,开放申购,开放赎回
2019-09-23,1.3550,1.3550,-0.07%,开放申购,开放赎回
2019-09-24,1.3381,1.3381,-1.25%,开放申购,开放赎回
2019-09-25,1.3528,1.3528,1.10%,开放申购,开放赎回
2019-09-26,1.3476,1.3476,-0.38%,开放申购,开放赎回
2019-09-27,1.3327,1.3327,-1.11%,开放申购,开放赎回
2019-09-30,1.3439,1.3439,0.84%,开放申购,开放赎回
2019-10-08,1.3197,1.3197,-1.80%,开放申购,开放赎回
2019-10-09,1.3339,1.3339,1.08%,开放申购,开放赎回
2019-10-10,1.3422,1.3422,0.62%,开放申购,开放赎回
2019-10-11,1.3591,1.3591,1.26%,开放申购,开放赎回
2019-10-14,1.3586,1.3586,-0.04%,开放申购,开放赎回
2019-10-15,1.3749,1.3749,1.20%,开放申购,开放赎回
2019-10-16,1.3719,1.3719,-0.22%,开放申购,开放赎回
2019-10-17,1.3762,1.3762,0.31%,开放申购,开放赎回
2019-10-18,1.3620,1.3620,-1.03%,开放申购,开放赎回
2019-10-21,1.3737,1.3737,0.86%,开放申购,开放赎回
2019-10-22,1.3623,1.3623,-0.83%,开放申购,开放赎回
2019-10-23,1.3664,1.3664,0.30%,开放申购,开放赎回
2019-10-24,1.3786,1.3786,0.89%,开放申购,开放赎回
2019-10-25,1.3896,1.3896,0.80%,开放申购,开放赎回
2019-10-28,1.4033,1.4033,0.99%,开放申购,开放赎回
2019-10-29,1.3899,1.3899,-0.95%,开放申购,开放赎回
2019-10-30,1.3954,1.3954,0.40%,开放申购,开放赎回
2019-10-31,1.3946,1.3946,-0.06%,开放申购,开放赎回
2019-11-01,1.4056,1.4056,0.79%,开放申购,开放赎回
2019-11-04,1.4126,1.4126,0.50%,开放申购,开放赎回
2019-11-05,1.4125,1.4125,-0.01%,开放申购,开放赎回
2019-11-06,1.4045,1.4045,-0.57%,开放申购,开放赎回
2019-11-07,1.4075,1.4075,0.21%,开放申购,开放赎回
2019-11-08,1.4122,1.4122,0.33%,开放申购,开放赎回
2019-11-11,1.4096,1.4096,-0.18%,开放申购,开放赎回
2019-11-12,1.4142,1.4142,0.33%,开放申购,开放赎回
2019-11-13,1.4142,1.4142,0.00%,开放申购,开放赎回
2019-11-14,1.4151,1.4151,0.06%,开放申购,开放赎回
2019-11-15,1.4248,1.4248,0.69%,开放申购,开放赎回
2019-11-18,1.4258,1.4258,0.07%,开放申购,开放赎回
2019-11-19,1.4272,1.4272,0.10%,开放申购,开放赎回
2019-11-20,1.4203,1.4203,-0.48%,开放申购,开放赎回
2019-11-21,1.4194,1.4194,-0.06%,开放申购,开放赎回
2019-11-22,1.4221,1.4221,0.19%,开放申购,开放赎回
2019-11-25,1.4402,1.4402,1.27%,开放申购,开放赎回
2019-11-26,1.4415,1.4415,0.09%,开放申购,开放赎回
2019-11-27,1.4515,1.4515,0.69%,开放申购,开放赎回
2019-11-28,1.4499,1.4499,-0.11%,暂停申购,暂停赎回
2019-11-29,1.4434,1.4434,-0.45%,开放申购,开放赎回
2019-12-02,1.4270,1.4270,-1.14%,开放申购,开放赎回
2019-12-03,1.4171,1.4171,-0.69%,开放申购,开放赎回
2019-12-04,1.4272,1.4272,0.71%,开放申购,开放赎回
2019-12-05,1.4321,1.4321,0.34%,开放申购,开放赎回
2019-12-06,1.4441,1.4441,0.84%,开放申购,开放赎回
2019-12-09,1.4384,1.4384,-0.39%,开放申购,开放赎回
2019-12-10,1.4370,1.4370,-0.10%,开放申购,开放赎回
2019-12-11,1.4446,1.4446,0.53%,开放申购,开放赎回
2019-12-12,1.4528,1.4528,0.57%,开放申购,开放赎回
2019-12-13,1.4544,1.4544,0.11%,开放申购,开放赎回
2019-12-16,1.4631,1.4631,0.60%,开放申购,开放赎回
2019-12-17,1.4650,1.4650,0.13%,开放申购,开放赎回
2019-12-18,1.4658,1.4658,0.05%,开放申购,开放赎回
2019-12-19,1.4767,1.4767,0.74%,开放申购,开放赎回
2019-12-20,1.4829,1.4829,0.42%,开放申购,开放赎回
2019-12-23,1.4873,1.4873,0.30%,开放申购,开放赎回
2019-12-24,1.4879,1.4879,0.04%,开放申购,开放赎回
2019-12-25,1.4868,1.4868,-0.07%,暂停申购,暂停赎回
2019-12-26,1.4939,1.4939,0.48%,开放申购,开放赎回
2019-12-27,1.4941,1.4941,0.01%,开放申购,开放赎回
2019-12-30,1.4824,1.4824,-0.78%,开放申购,开放赎回
2019-12-31,1.4852,1.4852,0.19%,开放申购,开放赎回
2020-01-02,1.5047,1.5047,1.31%,开放申购,开放赎回
2020-01-03,1.4934,1.4934,-0.75%,开放申购,开放赎回
2020-01-06,1.5026,1.5026,0.62%,开放申购,开放赎回
2020-01-07,1.5018,1.5018,-0.05%,开放申购,开放赎回
2020-01-08,1.5078,1.5078,0.40%,开放申购,开放赎回
2020-01-09,1.5214,1.5214,0.90%,开放申购,开放赎回
2020-01-10,1.5145,1.5145,-0.45%,开放申购,开放赎回
2020-01-13,1.5295,1.5295,0.99%,开放申购,开放赎回
2020-01-14,1.5171,1.5171,-0.81%,开放申购,开放赎回
2020-01-15,1.5152,1.5152,-0.13%,开放申购,开放赎回
2020-01-16,1.5287,1.5287,0.89%,开放申购,开放赎回
2020-01-17,1.5382,1.5382,0.62%,开放申购,开放赎回
2020-01-20,1.5335,1.5335,-0.31%,暂停申购,暂停赎回
2020-01-21,1.5309,1.5309,-0.17%,开放申购,开放赎回
2020-01-22,1.5396,1.5396,0.57%,开放申购,开放赎回
2020-01-23,1.5450,1.5450,,开放申购,开放赎回
2020-02-03,1.5370,1.5370,-0.52%,开放申购,开放赎回
2020-02-04,1.5835,1.5835,3.03%,开放申购,开放赎回
2020-02-05,1.5902,1.5902,0.42%,开放申购,开放赎回
2020-02-06,1.6060,1.6060,0.99%,开放申购,开放赎回
2020-02-07,1.5950,1.5950,-0.68%,开放申购,开放赎回
2020-02-10,1.6145,1.6145,1.22%,开放申购,开放赎回
2020-02-11,1.6151,1.6151,0.04%,开放申购,开放赎回
2020-02-12,1.6266,1.6266,0.71%,开放申购,开放赎回
2020-02-13,1.6254,1.6254,-0.07%,开放申购,开放赎回
2020-02-14,1.6298,1.6298,0.27%,开放申购,开放赎回
2020-02-17,1.6287,1.6287,-0.07%,暂停申购,暂停赎回
2020-02-18,1.6299,1.6299,0.07%,开放申购,开放赎回
2020-02-19,1.6469,1.6469,1.04%,开放申购,开放赎回
2020-02-20,1.6314,1.6314,-0.94%,开放申购,开放赎回
2020-02-21,1.6060,1.6060,-1.56%,开放申购,开放赎回
2020-02-24,1.5463,1.5463,-3.72%,开放申购,开放赎回
2020-02-25,1.5053,1.5053,-2.65%,开放申购,开放赎回
2020-02-26,1.5091,1.5091,0.25%,开放申购,开放赎回
2020-02-27,1.4365,1.4365,-4.81%,开放申购,开放赎回
2020-02-28,1.4385,1.4385,0.14%,开放申购,开放赎回
2020-03-02,1.5027,1.5027,4.46%,开放申购,开放赎回
2020-03-03,1.4525,1.4525,-3.34%,开放申购,开放赎回
2020-03-04,1.5094,1.5094,3.92%,开放申购,开放赎回
2020-03-05,1.4610,1.4610,-3.21%,开放申购,开放赎回
2020-03-06,1.4359,1.4359,-1.72%,开放申购,开放赎回
2020-03-09,1.3395,1.3395,-6.71%,开放申购,开放赎回
2020-03-10,1.4100,1.4100,5.26%,限制大额申购,开放赎回
2020-03-11,1.3522,1.3522,-4.10%,暂停申购,开放赎回
2020-03-12,1.2247,1.2247,-9.43%,暂停申购,开放赎回
2020-03-13,1.3587,1.3587,10.94%,暂停申购,开放赎回
2020-03-16,1.1892,1.1892,-12.48%,暂停申购,开放赎回
2020-03-17,1.2659,1.2659,6.45%,暂停申购,开放赎回
2020-03-18,1.2193,1.2193,-3.68%,暂停申购,开放赎回
2020-03-19,1.2419,1.2419,1.85%,限制大额申购,开放赎回
2020-03-20,1.2011,1.2011,-3.29%,限制大额申购,开放赎回
2020-03-23,1.2003,1.2003,-0.07%,限制大额申购,开放赎回
2020-03-24,1.2926,1.2926,7.69%,限制大额申购,开放赎回
2020-03-25,1.2741,1.2741,-1.43%,限制大额申购,开放赎回
2020-03-26,1.3422,1.3422,5.34%,限制大额申购,开放赎回
2020-03-27,1.2884,1.2884,-4.01%,限制大额申购,开放赎回
2020-03-30,1.3377,1.3377,3.83%,限制大额申购,开放赎回
2020-03-31,1.3330,1.3330,-0.35%,限制大额申购,开放赎回
2020-04-01,1.2779,1.2779,-4.13%,限制大额申购,开放赎回
2020-04-02,1.3063,1.3063,2.22%,限制大额申购,开放赎回
2020-04-03,1.2908,1.2908,-1.19%,限制大额申购,开放赎回
2020-04-07,1.3716,1.3716,6.26%,限制大额申购,开放赎回
2020-04-08,1.3927,1.3927,1.54%,限制大额申购,开放赎回
2020-04-09,1.3955,1.3955,0.20%,限制大额申购,开放赎回
2020-04-10,1.3920,1.3920,-0.25%,暂停申购,暂停赎回
2020-04-13,1.4064,1.4064,1.03%,限制大额申购,开放赎回
2020-04-14,1.4666,1.4666,4.28%,限制大额申购,开放赎回
2020-04-15,1.4505,1.4505,-1.10%,限制大额申购,开放赎回
2020-04-16,1.4830,1.4830,2.24%,限制大额申购,开放赎回
2020-04-17,1.4950,1.4950,0.81%,限制大额申购,开放赎回
2020-04-20,1.4764,1.4764,-1.24%,限制大额申购,开放赎回
2020-04-21,1.4262,1.4262,-3.40%,限制大额申购,开放赎回
2020-04-22,1.4713,1.4713,3.16%,限制大额申购,开放赎回
2020-04-23,1.4671,1.4671,-0.29%,限制大额申购,开放赎回
2020-04-24,1.4890,1.4890,1.49%,限制大额申购,开放赎回
2020-04-27,1.4953,1.4953,0.42%,限制大额申购,开放赎回
2020-04-28,1.4700,1.4700,-1.69%,限制大额申购,开放赎回
2020-04-29,1.5192,1.5192,3.35%,限制大额申购,开放赎回
2020-04-30,1.5190,1.5190,-0.01%,限制大额申购,开放赎回
2020-05-06,1.5189,1.5189,-0.01%,限制大额申购,开放赎回
2020-05-07,1.5431,1.5431,1.59%,限制大额申购,开放赎回
2020-05-08,1.5594,1.5594,1.06%,限制大额申购,开放赎回
2020-05-11,1.5713,1.5713,0.76%,限制大额申购,开放赎回
2020-05-12,1.5444,1.5444,-1.71%,限制大额申购,开放赎回
2020-05-13,1.5255,1.5255,-1.22%,限制大额申购,开放赎回
2020-05-14,1.5423,1.5423,1.10%,限制大额申购,开放赎回
2020-05-15,1.5514,1.5514,0.59%,限制大额申购,开放赎回
2020-05-18,1.5830,1.5830,2.04%,限制大额申购,开放赎回
2020-05-19,1.5751,1.5751,-0.50%,限制大额申购,开放赎回
2020-05-20,1.6070,1.6070,2.03%,限制大额申购,开放赎回
2020-05-21,1.5877,1.5877,-1.20%,限制大额申购,开放赎回
2020-05-22,1.5950,1.5950,0.46%,限制大额申购,开放赎回
2020-05-25,1.6011,1.6011,0.38%,暂停申购,暂停赎回
2020-05-26,1.5991,1.5991,-0.12%,限制大额申购,开放赎回
2020-05-27,1.6031,1.6031,0.25%,限制大额申购,开放赎回
2020-05-28,1.6034,1.6034,0.02%,限制大额申购,开放赎回
2020-05-29,1.6267,1.6267,1.45%,限制大额申购,开放赎回
2020-06-01,1.6336,1.6336,0.42%,限制大额申购,开放赎回
2020-06-02,1.6398,1.6398,0.38%,限制大额申购,开放赎回
2020-06-03,1.6453,1.6453,0.34%,限制大额申购,开放赎回
2020-06-04,1.6320,1.6320,-0.81%,限制大额申购,开放赎回
2020-06-05,1.6622,1.6622,1.85%,限制大额申购,开放赎回
2020-06-08,1.6726,1.6726,0.63%,限制大额申购,开放赎回
2020-06-09,1.6789,1.6789,0.38%,限制大额申购,开放赎回
2020-06-10,1.6990,1.6990,1.20%,限制大额申购,开放赎回
2020-06-11,1.6154,1.6154,-4.92%,限制大额申购,开放赎回
2020-06-12,1.6336,1.6336,1.13%,限制大额申购,开放赎回
2020-06-15,1.6528,1.6528,1.18%,限制大额申购,开放赎回
2020-06-16,1.6770,1.6770,1.46%,限制大额申购,开放赎回
2020-06-17,1.6851,1.6851,0.48%,限制大额申购,开放赎回
2020-06-18,1.6905,1.6905,0.32%,限制大额申购,开放赎回
2020-06-19,1.6902,1.6902,-0.02%,限制大额申购,开放赎回
2020-06-22,1.7084,1.7084,1.08%,限制大额申购,开放赎回
2020-06-23,1.7163,1.7163,0.46%,限制大额申购,开放赎回
2020-06-24,1.6801,1.6801,-2.11%,限制大额申购,开放赎回
2020-06-29,1.6795,1.6795,-0.04%,限制大额申购,开放赎回
2020-06-30,1.7105,1.7105,1.85%,限制大额申购,开放赎回
2020-07-01,1.7279,1.7279,1.02%,限制大额申购,开放赎回
2020-07-02,1.7346,1.7346,0.39%,限制大额申购,开放赎回
2020-07-03,1.7364,1.7364,0.10%,暂停申购,暂停赎回
2020-07-06,1.7789,1.7789,2.45%,限制大额申购,开放赎回
2020-07-07,1.7570,1.7570,-1.23%,限制大额申购,开放赎回
2020-07-08,1.7772,1.7772,1.15%,限制大额申购,开放赎回
2020-07-09,1.7880,1.7880,0.61%,限制大额申购,开放赎回
2020-07-10,1.7972,1.7972,0.51%,限制大额申购,开放赎回
2020-07-13,1.7605,1.7605,-2.04%,限制大额申购,开放赎回
2020-07-14,1.7752,1.7752,0.84%,限制大额申购,开放赎回
2020-07-15,1.7767,1.7767,0.08%,限制大额申购,开放赎回
2020-07-16,1.7627,1.7627,-0.79%,限制大额申购,开放赎回
2020-07-17,1.7690,1.7690,0.36%,限制大额申购,开放赎回
2020-07-20,1.8162,1.8162,2.67%,限制大额申购,开放赎回
2020-07-21,1.7956,1.7956,-1.13%,限制大额申购,开放赎回
2020-07-22,1.7977,1.7977,0.12%,限制大额申购,开放赎回
2020-07-23,1.7566,1.7566,-2.29%,限制大额申购,开放赎回
2020-07-24,1.7416,1.7416,-0.85%,限制大额申购,开放赎回
2020-07-27,1.7742,1.7742,1.87%,限制大额申购,开放赎回
2020-07-28,1.7481,1.7481,-1.47%,限制大额申购,开放赎回
2020-07-29,1.7707,1.7707,1.29%,限制大额申购,开放赎回
2020-07-30,1.7775,1.7775,0.38%,限制大额申购,开放赎回
2020-07-31,1.8061,1.8061,1.61%,限制大额申购,开放赎回
2020-08-03,1.8331,1.8331,1.49%,限制大额申购,开放赎回
2020-08-04,1.8350,1.8350,0.10%,限制大额申购,开放赎回
2020-08-05,1.8382,1.8382,0.17%,限制大额申购,开放赎回
2020-08-06,1.8524,1.8524,0.77%,限制大额申购,开放赎回
2020-08-07,1.8320,1.8320,-1.10%,限制大额申购,开放赎回
2020-08-10,1.8298,1.8298,-0.12%,限制大额申购,开放赎回
2020-08-11,1.7983,1.7983,-1.72%,限制大额申购,开放赎回
2020-08-12,1.8399,1.8399,2.31%,限制大额申购,开放赎回
2020-08-13,1.8389,1.8389,-0.05%,限制大额申购,开放赎回
2020-08-14,1.8361,1.8361,-0.15%,限制大额申购,开放赎回
2020-08-17,1.8542,1.8542,0.99%,限制大额申购,开放赎回
2020-08-18,1.8705,1.8705,0.88%,限制大额申购,开放赎回
2020-08-19,1.8541,1.8541,-0.88%,限制大额申购,开放赎回
2020-08-20,1.8817,1.8817,1.49%,限制大额申购,开放赎回
2020-08-21,1.8893,1.8893,0.40%,限制大额申购,开放赎回
2020-08-24,1.9026,1.9026,0.70%,限制大额申购,开放赎回
2020-08-25,1.9172,1.9172,0.77%,限制大额申购,开放赎回
2020-08-26,1.9533,1.9533,1.88%,限制大额申购,开放赎回
2020-08-27,1.9413,1.9413,-0.61%,限制大额申购,开放赎回
2020-08-28,1.9516,1.9516,0.53%,限制大额申购,开放赎回
2020-08-31,1.9607,1.9607,0.47%,限制大额申购,开放赎回
2020-09-01,1.9848,1.9848,1.23%,限制大额申购,开放赎回
2020-09-02,2.0001,2.0001,0.77%,限制大额申购,开放赎回
2020-09-03,1.9036,1.9036,-4.82%,限制大额申购,开放赎回
2020-09-04,1.8828,1.8828,-1.09%,限制大额申购,开放赎回
2020-09-07,1.8833,1.8833,0.03%,暂停申购,暂停赎回
2020-09-08,1.8022,1.8022,-4.31%,限制大额申购,开放赎回
2020-09-09,1.8531,1.8531,2.82%,限制大额申购,开放赎回
2020-09-10,1.8137,1.8137,-2.13%,限制大额申购,开放赎回
2020-09-11,1.8047,1.8047,-0.50%,限制大额申购,开放赎回
2020-09-14,1.8330,1.8330,1.57%,限制大额申购,开放赎回
2020-09-15,1.8543,1.8543,1.16%,限制大额申购,开放赎回
2020-09-16,1.8151,1.8151,-2.11%,限制大额申购,开放赎回
2020-09-17,1.7861,1.7861,-1.60%,限制大额申购,开放赎回
2020-09-18,1.7623,1.7623,-1.33%,限制大额申购,开放赎回
2020-09-21,1.7691,1.7691,0.39%,限制大额申购,开放赎回
2020-09-22,1.8070,1.8070,2.14%,限制大额申购,开放赎回
2020-09-23,1.7556,1.7556,-2.84%,限制大额申购,开放赎回
2020-09-24,1.7663,1.7663,0.61%,限制大额申购,开放赎回
2020-09-25,1.8075,1.8075,2.33%,限制大额申购,开放赎回
2020-09-28,1.8433,1.8433,1.98%,限制大额申购,开放赎回
2020-09-29,1.8350,1.8350,-0.45%,限制大额申购,开放赎回
2020-09-30,1.8476,1.8476,0.69%,限制大额申购,开放赎回
2020-10-09,1.8860,1.8860,2.08%,限制大额申购,开放赎回
2020-10-12,1.9232,1.9232,1.97%,限制大额申购,开放赎回
2020-10-13,1.9269,1.9269,0.19%,限制大额申购,开放赎回
2020-10-14,1.9167,1.9167,-0.53%,限制大额申购,开放赎回
2020-10-15,1.9008,1.9008,-0.83%,限制大额申购,开放赎回
2020-10-16,1.8925,1.8925,-0.44%,限制大额申购,开放赎回
2020-10-19,1.8514,1.8514,-2.17%,限制大额申购,开放赎回
2020-10-20,1.8557,1.8557,0.23%,限制大额申购,开放赎回
2020-10-21,1.8501,1.8501,-0.30%,限制大额申购,开放赎回
2020-10-22,1.8437,1.8437,-0.35%,限制大额申购,开放赎回
2020-10-23,1.8518,1.8518,0.44%,限制大额申购,开放赎回
2020-10-26,1.8239,1.8239,-1.51%,限制大额申购,开放赎回
2020-10-27,1.8449,1.8449,1.15%,限制大额申购,开放赎回
2020-10-28,1.7811,1.7811,-3.46%,限制大额申购,开放赎回
2020-10-29,1.8143,1.8143,1.86%,限制大额申购,开放赎回
2020-10-30,1.7687,1.7687,-2.51%,限制大额申购,开放赎回
2020-11-02,1.7688,1.7688,0.01%,限制大额申购,开放赎回
2020-11-03,1.7956,1.7956,1.52%,限制大额申购,开放赎回
2020-11-04,1.8648,1.8648,3.85%,限制大额申购,开放赎回
2020-11-05,1.9126,1.9126,2.56%,限制大额申购,开放赎回
2020-11-06,1.8989,1.8989,-0.72%,限制大额申购,开放赎回
2020-11-09,1.8550,1.8550,-2.31%,限制大额申购,开放赎回
2020-11-10,1.8178,1.8178,-2.01%,限制大额申购,开放赎回
2020-11-11,1.8621,1.8621,2.44%,限制大额申购,开放赎回
2020-11-12,1.8568,1.8568,-0.28%,限制大额申购,开放赎回
2020-11-13,1.8747,1.8747,0.96%,限制大额申购,开放赎回
2020-11-16,1.8794,1.8794,0.25%,限制大额申购,开放赎回
2020-11-17,1.8662,1.8662,-0.70%,限制大额申购,开放赎回
2020-11-18,1.8499,1.8499,-0.87%,限制大额申购,开放赎回
2020-11-19,1.8603,1.8603,0.56%,限制大额申购,开放赎回
2020-11-20,1.8568,1.8568,-0.19%,限制大额申购,开放赎回
2020-11-23,1.8548,1.8548,-0.11%,限制大额申购,开放赎回
2020-11-24,1.8829,1.8829,1.51%,限制大额申购,开放赎回
2020-11-25,1.8920,1.8920,0.48%,限制大额申购,开放赎回
2020-11-26,1.8928,1.8928,0.04%,暂停申购,暂停赎回
2020-11-27,1.9079,1.9079,0.80%,限制大额申购,开放赎回
2020-11-30,1.9101,1.9101,0.12%,限制大额申购,开放赎回
2020-12-01,1.9415,1.9415,1.64%,限制大额申购,开放赎回
2020-12-02,1.9328,1.9328,-0.45%,限制大额申购,开放赎回
2020-12-03,1.9340,1.9340,0.06%,限制大额申购,开放赎回
2020-12-04,1.9406,1.9406,0.34%,限制大额申购,开放赎回
2020-12-07,1.9462,1.9462,0.29%,限制大额申购,开放赎回
2020-12-08,1.9508,1.9508,0.24%,限制大额申购,开放赎回
2020-12-09,1.9109,1.9109,-2.05%,限制大额申购,开放赎回
2020-12-10,1.9212,1.9212,0.54%,限制大额申购,开放赎回
2020-12-11,1.9152,1.9152,-0.31%,限制大额申购,开放赎回
2020-12-14,1.9265,1.9265,0.59%,限制大额申购,开放赎回
2020-12-15,1.9482,1.9482,1.13%,限制大额申购,开放赎回
2020-12-16,1.9565,1.9565,0.43%,限制大额申购,开放赎回
2020-12-17,1.9688,1.9688,0.63%,限制大额申购,开放赎回
2020-12-18,1.9655,1.9655,-0.17%,限制大额申购,开放赎回
2020-12-21,1.9640,1.9640,-0.08%,限制大额申购,开放赎回
2020-12-22,1.9644,1.9644,0.02%,限制大额申购,开放赎回
2020-12-23,1.9601,1.9601,-0.22%,限制大额申购,开放赎回
2020-12-24,1.9626,1.9626,0.13%,限制大额申购,开放赎回
2020-12-25,1.9617,1.9617,-0.05%,暂停申购,暂停赎回
2020-12-28,1.9773,1.9773,0.80%,限制大额申购,开放赎回
2020-12-29,1.9844,1.9844,0.36%,限制大额申购,开放赎回
2020-12-30,1.9809,1.9809,-0.18%,限制大额申购,开放赎回
2020-12-31,1.9848,,0.20%,限制大额申购,开放赎回
2021-01-04,1.9612,1.9612,-1.19%,限制大额申购,开放赎回
2021-01-05,1.9574,1.9574,-0.19%,开放申购,开放赎回
2021-01-06,1.9268,1.9268,-1.56%,开放申购,开放赎回
2021-01-07,1.9726,1.9726,2.38%,开放申购,开放赎回
2021-01-08,1.9996,1.9996,1.37%,开放申购,开放赎回
2021-01-11,1.9717,1.9717,-1.40%,开放申购,开放赎回
2021-01-12,1.9719,1.9719,0.01%,开放申购,开放赎回
2021-01-13,1.9771,1.9771,0.26%,开放申购,开放赎回
2021-01-14,1.9706,1.9706,-0.33%,开放申购,开放赎回
2021-01-15,1.9536,1.9536,-0.86%,开放申购,开放赎回
2021-01-18,1.9597,1.9597,0.31%,暂停申购,暂停赎回
2021-01-19,1.9885,1.9885,1.47%,开放申购,开放赎回
2021-01-20,2.0305,2.0305,2.11%,开放申购,开放赎回
2021-01-21,2.0418,2.0418,0.56%,开放申购,开放赎回
2021-01-22,2.0338,2.0338,-0.39%,开放申购,开放赎回
2021-01-25,2.0566,2.0566,1.12%,开放申购,开放赎回
2021-01-26,2.0585,2.0585,0.09%,开放申购,开放赎回
2021-01-27,1.9995,1.9995,-2.87%,开放申购,开放赎回
2021-01-28,2.0174,2.0174,0.90%,开放申购,开放赎回
2021-01-29,1.9739,1.9739,-2.16%,开放申购,开放赎回
2021-02-01,2.0183,2.0183,2.25%,开放申购,开放赎回
2021-02-02,2.0519,2.0519,1.66%,开放申购,开放赎回
2021-02-03,2.0421,2.0421,-0.48%,开放申购,开放赎回
2021-02-04,2.0632,2.0632,1.03%,开放申购,开放赎回
2021-02-05,2.0729,2.0729,0.47%,开放申购,开放赎回
2021-02-08,2.0849,2.0849,0.58%,开放申购,开放赎回
2021-02-09,2.0793,2.0793,-0.27%,开放申购,开放赎回
2021-02-10,2.0703,,-0.43%,开放申购,开放赎回
2021-02-18,2.0724,2.0724,0.10%,开放申购,开放赎回
2021-02-19,2.0668,2.0668,-0.27%,开放申购,开放赎回
2021-02-22,2.0135,2.0135,-2.58%,开放申购,开放赎回
2021-02-23,2.0079,2.0079,-0.28%,开放申购,开放赎回
2021-02-24,2.0264,2.0264,0.92%,开放申购,开放赎回
2021-02-25,1.9550,1.9550,-3.52%,开放申购,开放赎回
2021-02-26,1.9723,1.9723,0.88%,开放申购,开放赎回
2021-03-01,2.0279,2.0279,2.82%,开放申购,开放赎回
2021-03-02,1.9916,1.9916,-1.79%,开放申购,开放赎回
2021-03-03,1.9354,1.9354,-2.82%,开放申购,开放赎回
2021-03-04,1.9093,1.9093,-1.35%,开放申购,开放赎回
2021-03-05,1.9430,1.9430,1.77%,开放申购,开放赎回
2021-03-08,1.8861,1.8861,-2.93%,开放申购,开放赎回
2021-03-09,1.9738,1.9738,4.65%,开放申购,开放赎回
2021-03-10,1.9609,1.9609,-0.65%,开放申购,开放赎回
2021-03-11,2.0006,2.0006,2.02%,开放申购,开放赎回
2021-03-12,1.9806,1.9806,-1.00%,开放申购,开放赎回
2021-03-15,2.0061,2.0061,1.29%,开放申购,开放赎回
2021-03-16,2.0166,2.0166,0.52%,开放申购,开放赎回
2021-03-17,2.0222,2.0222,0.28%,开放申购,开放赎回
2021-03-18,1.9589,1.9589,-3.13%,开放申购,开放赎回
2021-03-19,1.9771,1.9771,0.93%,开放申购,开放赎回
2021-03-22,2.0117,2.0117,1.75%,开放申购,开放赎回
2021-03-23,1.9972,1.9972,-0.72%,开放申购,开放赎回
2021-03-24,1.9708,1.9708,-1.32%,开放申购,开放赎回
2021-03-25,1.9696,1.9696,-0.06%,开放申购,开放赎回
2021-03-26,2.0011,2.0011,1.60%,开放申购,开放赎回
2021-03-29,2.0001,2.0001,-0.05%,开放申购,开放赎回
2021-03-30,1.9965,1.9965,-0.18%,开放申购,开放赎回
2021-03-31,2.0271,2.0271,1.53%,开放申购,开放赎回
2021-04-01,2.0580,2.0580,1.52%,开放申购,开放赎回
2021-04-02,2.0599,2.0599,0.09%,暂停申购,暂停赎回
2021-04-06,2.0928,2.0928,1.60%,开放申购,开放赎回
2021-04-07,2.0941,2.0941,0.06%,开放申购,开放赎回
2021-04-08,2.1171,2.1171,1.10%,开放申购,开放赎回
2021-04-09,2.1281,2.1281,0.52%,开放申购,开放赎回
2021-04-12,2.1294,2.1294,0.06%,开放申购,开放赎回
2021-04-13,2.1500,2.1500,0.97%,开放申购,开放赎回
2021-04-14,2.1206,2.1206,-1.37%,开放申购,开放赎回
2021-04-15,2.1508,2.1508,1.42%,开放申购,开放赎回
2021-04-16,2.1527,2.1527,0.09%,开放申购,开放赎回
2021-04-19,2.1314,2.1314,-0.99%,开放申购,开放赎回
2021-04-20,2.1132,2.1132,-0.85%,开放申购,开放赎回
2021-04-21,2.1295,2.1295,0.77%,开放申购,开放赎回
2021-04-22,2.1001,2.1001,-1.38%,开放申购,开放赎回
2021-04-23,2.1268,2.1268,1.27%,开放申购,开放赎回
2021-04-26,2.1381,2.1381,0.53%,开放申购,开放赎回
2021-04-27,2.1290,2.1290,-0.43%,开放申购,开放赎回
2021-04-28,2.1183,2.1183,-0.50%,开放申购,开放赎回
2021-04-29,2.1240,2.1240,0.27%,开放申购,开放赎回
2021-04-30,2.1070,2.1070,-0.80%,开放申购,开放赎回
2021-05-06,2.0782,2.0782,-1.37%,开放申购,开放赎回
2021-05-07,2.0874,2.0874,0.44%,开放申购,开放赎回
2021-05-10,2.0278,2.0278,-2.86%,开放申购,开放赎回
2021-05-11,2.0216,2.0216,-0.31%,开放申购,开放赎回
2021-05-12,1.9715,1.9715,-2.48%,开放申购,开放赎回
2021-05-13,1.9970,1.9970,1.29%,开放申购,开放赎回
2021-05-14,2.0354,2.0354,1.92%,开放申购,开放赎回
2021-05-17,2.0175,2.0175,-0.88%,开放申购,开放赎回
2021-05-18,2.0052,2.0052,-0.61%,开放申购,开放赎回
2021-05-19,2.0054,2.0054,0.01%,开放申购,开放赎回
2021-05-20,2.0478,2.0478,2.11%,开放申购,开放赎回
2021-05-21,2.0311,2.0311,-0.82%,开放申购,开放赎回
2021-05-24,2.0671,2.0671,1.77%,开放申购,开放赎回
2021-05-25,2.0655,2.0655,-0.08%,开放申购,开放赎回
2021-05-26,2.0664,2.0664,0.04%,开放申购,开放赎回
2021-05-27,2.0580,2.0580,-0.41%,限制大额申购,开放赎回
2021-05-28,2.0568,2.0568,-0.06%,限制大额申购,开放赎回
2021-05-31,2.0514,2.0514,-0.26%,暂停申购,暂停赎回
2021-06-01,2.0434,2.0434,-0.39%,限制大额申购,开放赎回
2021-06-02,2.0526,2.0526,0.45%,限制大额申购,开放赎回
2021-06-03,2.0331,2.0331,-0.95%,限制大额申购,开放赎回
2021-06-04,2.0755,2.0755,2.09%,开放申购,开放赎回
2021-06-07,2.0767,2.0767,0.06%,开放申购,开放赎回
2021-06-08,2.0761,2.0761,-0.03%,开放申购,开放赎回
2021-06-09,2.0782,2.0782,0.10%,开放申购,开放赎回
2021-06-10,2.0996,2.0996,1.03%,开放申购,开放赎回
2021-06-11,2.1012,2.1012,0.08%,开放申购,开放赎回
2021-06-15,2.1126,2.1126,0.54%,开放申购,开放赎回
2021-06-16,2.1060,2.1060,-0.31%,开放申购,开放赎回
2021-06-17,2.1390,2.1390,1.57%,开放申购,开放赎回
2021-06-18,2.1243,2.1243,-0.69%,开放申购,开放赎回
2021-06-21,2.1430,2.1430,0.88%,开放申购,开放赎回
2021-06-22,2.1646,2.1646,1.01%,开放申购,开放赎回
2021-06-23,2.1654,2.1654,0.04%,开放申购,开放赎回
2021-06-24,2.1855,2.1855,0.93%,开放申购,开放赎回
2021-06-25,2.1799,2.1799,-0.26%,开放申购,开放赎回
2021-06-28,2.1999,2.1999,0.92%,开放申购,开放赎回
2021-06-29,2.2064,2.2064,0.30%,开放申购,开放赎回
2021-06-30,2.2050,2.2050,-0.06%,开放申购,开放赎回
2021-07-01,2.2094,2.2094,0.20%,开放申购,开放赎回
2021-07-02,2.2337,2.2337,1.10%,开放申购,开放赎回
2021-07-05,2.2330,2.2330,-0.03%,暂停申购,暂停赎回
2021-07-06,2.2387,2.2387,0.26%,开放申购,开放赎回
2021-07-07,2.2475,2.2475,0.39%,开放申购,开放赎回
2021-07-08,2.2325,2.2325,-0.67%,开放申购,开放赎回
2021-07-09,2.2494,2.2494,0.76%,开放申购,开放赎回
2021-07-12,2.2577,2.2577,0.37%,开放申购,开放赎回
2021-07-13,2.2562,2.2562,-0.07%,开放申购,开放赎回
2021-07-14,2.2619,2.2619,0.25%,开放申购,开放赎回
2021-07-15,2.2402,2.2402,-0.96%,开放申购,开放赎回
2021-07-16,2.2253,2.2253,-0.67%,开放申购,开放赎回
2021-07-19,2.2054,2.2054,-0.89%,开放申购,开放赎回
2021-07-20,2.2375,2.2375,1.46%,开放申购,开放赎回
2021-07-21,2.2539,2.2539,0.73%,开放申购,开放赎回
2021-07-22,2.2620,2.2620,0.36%,开放申购,开放赎回
2021-07-23,2.2876,2.2876,1.13%,开放申购,开放赎回
2021-07-26,2.2934,2.2934,0.25%,开放申购,开放赎回
2021-07-27,2.2672,2.2672,-1.14%,开放申购,开放赎回
2021-07-28,2.2831,2.2831,0.70%,开放申购,开放赎回
2021-07-29,2.2881,2.2881,0.22%,开放申购,开放赎回
2021-07-30,2.2632,2.2632,-1.09%,开放申购,开放赎回
2021-08-02,2.2655,2.2655,0.10%,开放申购,开放赎回
2021-08-03,2.2783,2.2783,0.56%,限制大额申购,开放赎回
2021-08-04,2.2832,2.2832,0.22%,限制大额申购,开放赎回
2021-08-05,2.2993,2.2993,0.71%,限制大额申购,开放赎回
2021-08-06,2.2864,2.2864,-0.56%,限制大额申购,开放赎回
2021-08-09,2.2974,2.2974,0.48%,限制大额申购,开放赎回
2021-08-10,2.2854,2.2854,-0.52%,限制大额申购,开放赎回
2021-08-11,2.2811,2.2811,-0.19%,限制大额申购,开放赎回
2021-08-12,2.2876,2.2876,0.28%,限制大额申购,开放赎回
2021-08-13,2.2963,2.2963,0.38%,限制大额申购,开放赎回
2021-08-16,2.2939,2.2939,-0.10%,限制大额申购,开放赎回
2021-08-17,2.2749,2.2749,-0.83%,限制大额申购,开放赎回
2021-08-18,2.2589,2.2589,-0.70%,限制大额申购,开放赎回
2021-08-19,2.2680,2.2680,0.40%,限制大额申购,开放赎回
2021-08-20,2.2965,2.2965,1.26%,限制大额申购,开放赎回
2021-08-23,2.3293,2.3293,1.43%,限制大额申购,开放赎回
2021-08-24,2.3303,2.3303,0.04%,限制大额申购,开放赎回
2021-08-25,2.3290,2.3290,-0.06%,限制大额申购,开放赎回
2021-08-26,2.3152,2.3152,-0.59%,限制大额申购,开放赎回
2021-08-27,2.3430,2.3430,1.20%,限制大额申购,开放赎回
2021-08-30,2.3615,2.3615,0.79%,限制大额申购,开放赎回
2021-08-31,2.3584,2.3584,-0.13%,限制大额申购,开放赎回
2021-09-01,2.3627,2.3627,0.18%,限制大额申购,开放赎回
2021-09-02,2.3585,2.3585,-0.18%,限制大额申购,开放赎回
2021-09-03,2.3651,2.3651,0.28%,限制大额申购,开放赎回
2021-09-06,2.3631,2.3631,-0.08%,暂停申购,暂停赎回
2021-09-07,2.3665,2.3665,0.14%,限制大额申购,开放赎回
2021-09-08,2.3634,2.3634,-0.13%,开放申购,开放赎回
2021-09-09,2.3523,2.3523,-0.47%,开放申购,开放赎回
2021-09-10,2.3326,2.3326,-0.84%,开放申购,开放赎回
2021-09-13,2.3290,2.3290,-0.15%,开放申购,开放赎回
2021-09-14,2.3213,2.3213,-0.33%,开放申购,开放赎回
2021-09-15,2.3387,2.3387,0.75%,开放申购,开放赎回
2021-09-16,2.3346,2.3346,-0.18%,开放申购,开放赎回
2021-09-17,2.3145,2.3145,-0.86%,开放申购,开放赎回
2021-09-22,2.2966,2.2966,-0.77%,开放申购,开放赎回
2021-09-23,2.3193,2.3193,0.99%,开放申购,开放赎回
2021-09-24,2.3158,2.3158,-0.15%,开放申购,开放赎回
2021-09-27,2.3006,2.3006,-0.66%,开放申购,开放赎回
2021-09-28,2.2334,2.2334,-2.92%,开放申购,开放赎回
2021-09-29,2.2328,2.2328,-0.03%,开放申购,开放赎回
2021-09-30,2.2305,2.2305,-0.10%,开放申购,开放赎回
2021-10-08,2.2408,2.2408,0.46%,开放申购,开放赎回
2021-10-11,2.2210,2.2210,-0.88%,开放申购,开放赎回
2021-10-12,2.2125,2.2125,-0.38%,限制大额申购,开放赎回
2021-10-13,2.2343,2.2343,0.99%,限制大额申购,开放赎回
2021-10-14,2.2677,2.2677,1.49%,限制大额申购,开放赎回
2021-10-15,2.2803,2.2803,0.56%,限制大额申购,开放赎回
2021-10-18,2.2993,2.2993,0.83%,限制大额申购,开放赎回
2021-10-19,2.3153,2.3153,0.70%,限制大额申购,开放赎回
2021-10-20,2.3037,2.3037,-0.50%,限制大额申购,开放赎回
2021-10-21,2.3118,2.3118,0.35%,限制大额申购,开放赎回
2021-10-22,2.2974,2.2974,-0.62%,限制大额申购,开放赎回
2021-10-25,2.3163,2.3163,0.82%,限制大额申购,开放赎回
2021-10-26,2.3216,2.3216,0.23%,限制大额申购,开放赎回
2021-10-27,2.3258,2.3258,0.18%,限制大额申购,开放赎回
2021-10-28,2.3555,2.3555,1.28%,限制大额申购,开放赎回
2021-10-29,2.3642,2.3642,0.37%,限制大额申购,开放赎回
2021-11-01,2.3827,2.3827,0.78%,限制大额申购,开放赎回
2021-11-02,2.3857,2.3857,0.13%,限制大额申购,开放赎回
2021-11-03,2.4135,2.4135,1.17%,限制大额申购,开放赎回
2021-11-04,2.4381,2.4381,1.02%,限制大额申购,开放赎回
2021-11-05,2.4419,2.4419,0.16%,限制大额申购,开放赎回
2021-11-08,2.4374,2.4374,-0.18%,限制大额申购,开放赎回
2021-11-09,2.4181,2.4181,-0.79%,限制大额申购,开放赎回
2021-11-10,2.3853,2.3853,-1.36%,限制大额申购,开放赎回
2021-11-11,2.3995,2.3995,0.60%,限制大额申购,开放赎回
2021-11-12,2.4212,2.4212,0.90%,限制大额申购,开放赎回
2021-11-15,2.4131,2.4131,-0.33%,限制大额申购,开放赎回
2021-11-16,2.4317,2.4317,0.77%,限制大额申购,开放赎回
2021-11-17,2.4323,2.4323,0.02%,限制大额申购,开放赎回
2021-11-18,2.4526,2.4526,0.83%,限制大额申购,开放赎回
2021-11-19,2.4666,2.4666,0.57%,限制大额申购,开放赎回
2021-11-22,2.4431,2.4431,-0.95%,限制大额申购,开放赎回
2021-11-23,2.4313,2.4313,-0.48%,限制大额申购,开放赎回
2021-11-24,2.4392,2.4392,0.32%,限制大额申购,开放赎回
2021-11-25,2.4420,2.4420,0.11%,暂停申购,暂停赎回
2021-11-26,2.3906,2.3906,-2.10%,限制大额申购,开放赎回
2021-11-29,2.4425,2.4425,2.17%,限制大额申购,开放赎回
2021-11-30,2.4010,2.4010,-1.70%,限制大额申购,开放赎回
2021-12-01,2.3593,2.3593,-1.74%,限制大额申购,开放赎回
2021-12-02,2.3771,2.3771,0.75%,限制大额申购,开放赎回
2021-12-03,2.3372,2.3372,-1.68%,限制大额申购,开放赎回
2021-12-06,2.3552,2.3552,0.77%,限制大额申购,开放赎回
2021-12-07,2.4262,2.4262,3.01%,限制大额申购,开放赎回
2021-12-08,2.4338,2.4338,0.31%,限制大额申购,开放赎回
2021-12-09,2.3916,2.3916,-1.73%,限制大额申购,开放赎回
2021-12-10,2.4255,2.4255,1.42%,限制大额申购,开放赎回
2021-12-13,2.3877,2.3877,-1.56%,限制大额申购,开放赎回
2021-12-14,2.3637,2.3637,-1.01%,限制大额申购,开放赎回
2021-12-15,2.4196,2.4196,2.36%,限制大额申购,开放赎回
2021-12-16,2.3548,2.3548,-2.68%,限制大额申购,开放赎回
2021-12-17,2.3458,2.3458,-0.38%,限制大额申购,开放赎回
2021-12-20,2.3308,2.3308,-0.64%,限制大额申购,开放赎回
2021-12-21,2.3758,2.3758,1.93%,限制大额申购,开放赎回
2021-12-22,2.4030,2.4030,1.14%,限制大额申购,开放赎回
2021-12-23,2.4196,2.4196,0.69%,限制大额申购,开放赎回
2021-12-24,2.4211,2.4211,0.06%,暂停申购,暂停赎回
2021-12-27,2.4585,2.4585,1.54%,限制大额申购,开放赎回
2021-12-28,2.4486,2.4486,-0.40%,限制大额申购,开放赎回
2021-12-29,2.4491,2.4491,0.02%,限制大额申购,开放赎回
2021-12-30,2.4379,2.4379,-0.46%,限制大额申购,开放赎回
2021-12-31,2.4257,2.4257,-0.50%,限制大额申购,开放赎回
2022-01-04,2.4207,2.4207,-0.21%,限制大额申购,开放赎回
2022-01-05,2.3466,2.3466,-3.06%,限制大额申购,开放赎回
2022-01-06,2.3437,2.3437,-0.12%,限制大额申购,开放赎回
2022-01-07,2.3191,2.3191,-1.05%,限制大额申购,开放赎回
2022-01-10,2.3189,2.3189,-0.01%,限制大额申购,开放赎回
2022-01-11,2.3531,2.3531,1.47%,限制大额申购,开放赎回
2022-01-12,2.3608,2.3608,0.33%,限制大额申购,开放赎回
2022-01-13,2.2976,2.2976,-2.68%,限制大额申购,开放赎回
2022-01-14,2.3191,2.3191,0.94%,限制大额申购,开放赎回
2022-01-17,2.3160,2.3160,-0.13%,暂停申购,暂停赎回
2022-01-18,2.2554,2.2554,-2.62%,限制大额申购,开放赎回
2022-01-19,2.2354,2.2354,-0.89%,开放申购,开放赎回
2022-01-20,2.2015,2.2015,-1.52%,开放申购,开放赎回
2022-01-21,2.1430,2.1430,-2.66%,开放申购,开放赎回
2022-01-24,2.1503,2.1503,0.34%,开放申购,开放赎回
2022-01-25,2.0983,2.0983,-2.42%,开放申购,开放赎回
2022-01-26,2.0958,2.0958,-0.12%,开放申购,开放赎回
2022-01-27,2.0757,2.0757,-0.96%,开放申购,开放赎回
2022-01-28,2.1527,2.1527,3.71%,开放申购,开放赎回
2022-02-07,2.1634,2.1634,0.50%,开放申购,开放赎回
2022-02-08,2.1879,2.1879,1.13%,开放申购,开放赎回
2022-02-09,2.2347,2.2347,2.14%,开放申购,开放赎回
2022-02-10,2.1833,2.1833,-2.30%,开放申购,开放赎回
2022-02-11,2.1223,2.1223,-2.79%,开放申购,开放赎回
2022-02-14,2.1238,2.1238,0.07%,开放申购,开放赎回
2022-02-15,2.1719,2.1719,2.26%,开放申购,开放赎回
2022-02-16,2.1651,2.1651,-0.31%,开放申购,开放赎回
2022-02-17,2.0995,2.0995,-3.03%,开放申购,开放赎回
2022-02-18,2.0773,2.0773,-1.06%,开放申购,开放赎回
2022-02-21,2.0790,2.0790,0.08%,暂停申购,暂停赎回
2022-02-22,2.0621,2.0621,-0.81%,开放申购,开放赎回
2022-02-23,2.0058,2.0058,-2.73%,开放申购,开放赎回
2022-02-24,2.0702,2.0702,3.21%,开放申购,开放赎回
2022-02-25,2.1024,2.1024,1.56%,开放申购,开放赎回
2022-02-28,2.1050,2.1050,0.12%,开放申购,开放赎回
2022-03-01,2.0661,2.0661,-1.85%,开放申购,开放赎回
2022-03-02,2.1099,2.1099,2.12%,开放申购,开放赎回
2022-03-03,2.0702,2.0702,-1.88%,开放申购,开放赎回
2022-03-04,2.0514,2.0514,-0.91%,开放申购,开放赎回
2022-03-07,1.9848,1.9848,-3.25%,开放申购,开放赎回
2022-03-08,1.9687,1.9687,-0.81%,开放申购,开放赎回
2022-03-09,2.0340,2.0340,3.32%,限制大额申购,开放赎回
2022-03-10,2.0109,2.0109,-1.14%,限制大额申购,开放赎回
2022-03-11,1.9769,1.9769,-1.69%,限制大额申购,开放赎回
2022-03-14,1.9475,1.9475,-1.49%,限制大额申购,开放赎回
2022-03-15,2.0125,2.0125,3.34%,限制大额申购,开放赎回
2022-03-16,2.0836,2.0836,3.53%,限制大额申购,开放赎回
2022-03-17,2.0937,2.0937,0.48%,限制大额申购,开放赎回
2022-03-18,2.1364,2.1364,2.04%,限制大额申购,开放赎回
2022-03-21,2.1384,2.1384,0.09%,限制大额申购,开放赎回
2022-03-22,2.1773,2.1773,1.82%,限制大额申购,开放赎回
2022-03-23,2.1444,2.1444,-1.51%,限制大额申购,开放赎回
2022-03-24,2.1922,2.1922,2.23%,限制大额申购,开放赎回
2022-03-25,2.1939,2.1939,0.08%,限制大额申购,开放赎回
2022-03-28,2.2266,2.2266,1.49%,限制大额申购,开放赎回
2022-03-29,2.2592,2.2592,1.46%,限制大额申购,开放赎回
2022-03-30,2.2328,2.2328,-1.17%,限制大额申购,开放赎回
2022-03-31,2.1975,2.1975,-1.58%,限制大额申购,开放赎回
2022-04-01,2.2014,2.2014,0.18%,限制大额申购,开放赎回
2022-04-06,2.1599,2.1599,-1.89%,限制大额申购,开放赎回
2022-04-07,2.1598,2.1598,0.00%,限制大额申购,开放赎回
2022-04-08,2.1306,2.1306,-1.35%,限制大额申购,开放赎回
2022-04-11,2.0823,2.0823,-2.27%,限制大额申购,开放赎回
2022-04-12,2.0799,2.0799,-0.12%,限制大额申购,开放赎回
2022-04-13,2.1180,2.1180,1.83%,限制大额申购,开放赎回
2022-04-14,2.0650,2.0650,-2.50%,限制大额申购,开放赎回
2022-04-15,2.0763,2.0763,0.55%,暂停申购,暂停赎回
2022-04-18,2.0744,2.0744,-0.09%,限制大额申购,开放赎回
2022-04-19,2.1154,2.1154,1.98%,限制大额申购,开放赎回
2022-04-20,2.0943,2.0943,-1.00%,限制大额申购,开放赎回
2022-04-21,2.0579,2.0579,-1.74%,限制大额申购,开放赎回
2022-04-22,2.0214,2.0214,-1.77%,限制大额申购,开放赎回
2022-04-25,2.0563,2.0563,1.73%,限制大额申购,开放赎回
2022-04-26,2.0012,2.0012,-2.68%,限制大额申购,开放赎回
2022-04-27,2.0004,2.0004,-0.04%,限制大额申购,开放赎回
2022-04-28,2.0674,2.0674,3.35%,限制大额申购,开放赎回
2022-04-29,1.9959,1.9959,-3.46%,限制大额申购,开放赎回
2022-05-05,1.9802,1.9802,-0.79%,限制大额申购,开放赎回
2022-05-06,1.9771,1.9771,-0.16%,限制大额申购,开放赎回
2022-05-09,1.9185,1.9185,-2.96%,限制大额申购,开放赎回
2022-05-10,1.9486,1.9486,1.57%,限制大额申购,开放赎回
2022-05-11,1.8965,1.8965,-2.67%,限制大额申购,开放赎回
2022-05-12,1.8934,1.8934,-0.16%,限制大额申购,开放赎回
2022-05-13,1.9770,1.9770,4.42%,限制大额申购,开放赎回
2022-05-16,1.9545,1.9545,-1.14%,限制大额申购,开放赎回
2022-05-17,2.0023,2.0023,2.45%,限制大额申购,开放赎回
2022-05-18,1.8949,1.8949,-5.36%,限制大额申购,开放赎回
2022-05-19,1.8898,1.8898,-0.27%,限制大额申购,开放赎回
2022-05-20,1.8827,1.8827,-0.38%,限制大额申购,开放赎回
2022-05-23,1.8919,1.8919,0.49%,限制大额申购,开放赎回
2022-05-24,1.8476,1.8476,-2.34%,限制大额申购,开放赎回
2022-05-25,1.8728,1.8728,1.36%,限制大额申购,开放赎回
2022-05-26,1.9278,1.9278,2.94%,限制大额申购,开放赎回
2022-05-27,2.0055,2.0055,4.03%,限制大额申购,开放赎回
2022-05-30,1.9955,1.9955,-0.50%,暂停申购,暂停赎回
2022-05-31,1.9769,1.9769,-0.93%,限制大额申购,开放赎回
2022-06-01,1.9644,1.9644,-0.63%,限制大额申购,开放赎回
2022-06-02,2.0283,2.0283,3.25%,限制大额申购,开放赎回
2022-06-06,1.9731,1.9731,-2.72%,限制大额申购,开放赎回
2022-06-07,1.9882,1.9882,0.77%,限制大额申购,开放赎回
2022-06-08,1.9736,1.9736,-0.73%,限制大额申购,开放赎回
2022-06-09,1.9280,1.9280,-2.31%,限制大额申购,开放赎回
2022-06-10,1.8688,1.8688,-3.07%,限制大额申购,开放赎回
2022-06-13,1.7935,1.7935,-4.03%,限制大额申购,开放赎回
2022-06-14,1.8049,1.8049,0.64%,限制大额申购,开放赎回
2022-06-15,1.8475,1.8475,2.36%,限制大额申购,开放赎回
2022-06-16,1.7680,1.7680,-4.30%,限制大额申购,开放赎回
2022-06-17,1.7836,1.7836,0.88%,限制大额申购,开放赎回
2022-06-20,1.7885,1.7885,0.27%,暂停申购,暂停赎回
2022-06-21,1.8228,1.8228,1.92%,限制大额申购,开放赎回
2022-06-22,1.8268,1.8268,0.22%,限制大额申购,开放赎回
2022-06-23,1.8512,1.8512,1.34%,限制大额申购,开放赎回
2022-06-24,1.9094,1.9094,3.14%,限制大额申购,开放赎回
2022-06-27,1.8907,1.8907,-0.98%,限制大额申购,开放赎回
2022-06-28,1.8380,1.8380,-2.79%,限制大额申购,开放赎回
2022-06-29,1.8438,1.8438,0.32%,限制大额申购,开放赎回
2022-06-30,1.8228,1.8228,-1.14%,限制大额申购,开放赎回
2022-07-01,1.8278,1.8278,0.27%,限制大额申购,开放赎回
2022-07-04,1.8329,1.8329,0.28%,暂停申购,暂停赎回
2022-07-05,1.8601,1.8601,1.48%,限制大额申购,开放赎回
2022-07-06,1.8777,1.8777,0.95%,限制大额申购,开放赎回
2022-07-07,1.9134,1.9134,1.90%,限制大额申购,开放赎回
2022-07-08,1.9147,1.9147,0.07%,限制大额申购,开放赎回
2022-07-11,1.8713,1.8713,-2.27%,限制大额申购,开放赎回
2022-07-12,1.8626,1.8626,-0.46%,限制大额申购,开放赎回
2022-07-13,1.8600,1.8600,-0.14%,限制大额申购,开放赎回
2022-07-14,1.8655,1.8655,0.30%,限制大额申购,开放赎回
2022-07-15,1.9039,1.9039,2.06%,限制大额申购,开放赎回
2022-07-18,1.8864,1.8864,-0.92%,限制大额申购,开放赎回
2022-07-19,1.9423,1.9423,2.96%,限制大额申购,开放赎回
2022-07-20,1.9712,1.9712,1.49%,限制大额申购,开放赎回
2022-07-21,2.0024,2.0024,1.58%,限制大额申购,开放赎回
2022-07-22,1.9661,1.9661,-1.81%,限制大额申购,开放赎回
2022-07-25,1.9562,1.9562,-0.50%,限制大额申购,开放赎回
2022-07-26,1.9181,1.9181,-1.95%,限制大额申购,开放赎回
2022-07-27,2.0024,2.0024,4.39%,限制大额申购,开放赎回
2022-07-28,2.0110,2.0110,0.43%,限制大额申购,开放赎回
2022-07-29,2.0465,2.0465,1.77%,限制大额申购,开放赎回
2022-08-01,2.0461,2.0461,-0.02%,限制大额申购,开放赎回
2022-08-02,2.0400,2.0400,-0.30%,限制大额申购,开放赎回
2022-08-03,2.1031,2.1031,3.09%,限制大额申购,开放赎回
2022-08-04,2.1068,2.1068,0.18%,限制大额申购,开放赎回
2022-08-05,2.0847,2.0847,-1.05%,限制大额申购,开放赎回
2022-08-08,2.0857,2.0857,0.05%,限制大额申购,开放赎回
2022-08-09,2.0598,2.0598,-1.24%,限制大额申购,开放赎回
2022-08-10,2.1163,2.1163,2.74%,限制大额申购,开放赎回
2022-08-11,2.0949,2.0949,-1.01%,限制大额申购,开放赎回
2022-08-12,2.1386,2.1386,2.09%,限制大额申购,开放赎回
2022-08-15,2.1535,2.1535,0.70%,限制大额申购,开放赎回
2022-08-16,2.1586,2.1586,0.24%,限制大额申购,开放赎回
2022-08-17,2.1385,2.1385,-0.93%,限制大额申购,开放赎回
2022-08-18,2.1420,2.1420,0.16%,限制大额申购,开放赎回
2022-08-19,2.1103,2.1103,-1.48%,限制大额申购,开放赎回
2022-08-22,2.0607,2.0607,-2.35%,限制大额申购,开放赎回
2022-08-23,2.0687,2.0687,0.39%,限制大额申购,开放赎回
2022-08-24,2.0702,2.0702,0.07%,限制大额申购,开放赎回
2022-08-25,2.1092,2.1092,1.88%,限制大额申购,开放赎回
2022-08-26,2.0257,2.0257,-3.96%,限制大额申购,开放赎回
2022-08-29,2.0132,2.0132,-0.62%,限制大额申购,开放赎回
2022-08-30,1.9945,1.9945,-0.93%,限制大额申购,开放赎回
2022-08-31,1.9867,1.9867,-0.39%,限制大额申购,开放赎回
2022-09-01,1.9851,1.9851,-0.08%,限制大额申购,开放赎回
2022-09-02,1.9607,1.9607,-1.23%,限制大额申购,开放赎回
2022-09-05,1.9628,1.9628,0.11%,暂停申购,暂停赎回
2022-09-06,1.9520,1.9520,-0.55%,限制大额申购,开放赎回
2022-09-07,1.9918,1.9918,2.04%,限制大额申购,开放赎回
2022-09-08,2.0008,2.0008,0.45%,限制大额申购,开放赎回
2022-09-09,2.0402,2.0402,1.97%,限制大额申购,开放赎回
2022-09-13,1.9505,1.9505,-4.40%,限制大额申购,开放赎回
2022-09-14,1.9711,1.9711,1.06%,限制大额申购,开放赎回
2022-09-15,1.9390,1.9390,-1.63%,限制大额申购,开放赎回
2022-09-16,1.9343,1.9343,-0.24%,限制大额申购,开放赎回
2022-09-19,1.9506,1.9506,0.84%,限制大额申购,开放赎回
2022-09-20,1.9369,1.9369,-0.70%,限制大额申购,开放赎回
2022-09-21,1.9061,1.9061,-1.59%,限制大额申购,开放赎回
2022-09-22,1.8922,1.8922,-0.73%,限制大额申购,开放赎回
2022-09-23,1.8661,1.8661,-1.38%,限制大额申购,开放赎回
2022-09-26,1.8667,1.8667,0.03%,限制大额申购,开放赎回
2022-09-27,1.8800,1.8800,0.71%,限制大额申购,开放赎回
2022-09-28,1.9243,1.9243,2.36%,限制大额申购,开放赎回
2022-09-29,1.8728,1.8728,-2.68%,限制大额申购,开放赎回
2022-09-30,1.8399,1.8399,-1.76%,限制大额申购,开放赎回
2022-10-10,1.8332,1.8332,-0.36%,限制大额申购,开放赎回
2022-10-11,1.8135,1.8135,-1.07%,限制大额申购,开放赎回
2022-10-12,1.8133,1.8133,-0.01%,限制大额申购,开放赎回
2022-10-13,1.8524,1.8524,2.16%,限制大额申购,开放赎回
2022-10-14,1.7978,1.7978,-2.95%,限制大额申购,开放赎回
2022-10-17,1.8564,1.8564,3.26%,限制大额申购,开放赎回
2022-10-18,1.8695,1.8695,0.71%,限制大额申购,开放赎回
2022-10-19,1.8631,1.8631,-0.34%,限制大额申购,开放赎回
2022-10-20,1.8562,1.8562,-0.37%,限制大额申购,开放赎回
2022-10-21,1.8975,1.8975,2.22%,限制大额申购,开放赎回
2022-10-24,1.9171,1.9171,1.03%,限制大额申购,开放赎回
2022-10-25,1.9659,1.9659,2.55%,限制大额申购,开放赎回
2022-10-26,1.9234,1.9234,-2.16%,限制大额申购,开放赎回
2022-10-27,1.8881,1.8881,-1.84%,限制大额申购,开放赎回
2022-10-28,1.9469,1.9469,3.11%,限制大额申购,开放赎回
2022-10-31,1.9262,1.9262,-1.06%,限制大额申购,开放赎回
2022-11-01,1.9156,1.9156,-0.55%,限制大额申购,开放赎回
2022-11-02,1.8576,1.8576,-3.03%,限制大额申购,开放赎回
2022-11-03,1.8299,1.8299,-1.49%,限制大额申购,开放赎回
2022-11-04,1.8590,1.8590,1.59%,限制大额申购,开放赎回
2022-11-07,1.8715,1.8715,0.67%,限制大额申购,开放赎回
2022-11-08,1.8811,1.8811,0.51%,限制大额申购,开放赎回
2022-11-09,1.8402,1.8402,-2.17%,限制大额申购,开放赎回
2022-11-10,1.9751,1.9751,7.33%,限制大额申购,开放赎回
2022-11-11,1.9957,1.9957,1.04%,限制大额申购,开放赎回
2022-11-14,1.9514,1.9514,-2.22%,限制大额申购,开放赎回
2022-11-15,1.9655,1.9655,0.72%,限制大额申购,开放赎回
2022-11-16,1.9376,1.9376,-1.42%,限制大额申购,开放赎回
2022-11-17,1.9415,1.9415,0.20%,限制大额申购,开放赎回
2022-11-18,1.9525,1.9525,0.57%,限制大额申购,开放赎回
2022-11-21,1.9370,1.9370,-0.79%,限制大额申购,开放赎回
2022-11-22,1.9747,1.9747,1.95%,限制大额申购,开放赎回
2022-11-23,1.9829,1.9829,0.42%,限制大额申购,开放赎回
2022-11-24,1.9807,1.9807,-0.11%,暂停申购,暂停赎回
2022-11-25,1.9712,1.9712,-0.48%,限制大额申购,开放赎回
2022-11-28,1.9515,1.9515,-1.00%,限制大额申购,开放赎回
2022-11-29,1.9475,1.9475,-0.20%,限制大额申购,开放赎回
2022-11-30,2.0258,2.0258,4.02%,限制大额申购,开放赎回
2022-12-01,2.0135,2.0135,-0.61%,限制大额申购,开放赎回
2022-12-02,1.9878,1.9878,-1.28%,限制大额申购,开放赎回
2022-12-05,1.9510,1.9510,-1.85%,限制大额申购,开放赎回
2022-12-06,1.8975,1.8975,-2.74%,限制大额申购,开放赎回
2022-12-07,1.8952,1.8952,-0.12%,限制大额申购,开放赎回
2022-12-08,1.9076,1.9076,0.65%,限制大额申购,开放赎回
2022-12-09,1.8957,1.8957,-0.62%,限制大额申购,开放赎回
2022-12-12,1.9170,1.9170,1.12%,限制大额申购,开放赎回
2022-12-13,1.9414,1.9414,1.27%,限制大额申购,开放赎回
2022-12-14,1.9216,1.9216,-1.02%,限制大额申购,开放赎回
2022-12-15,1.8558,1.8558,-3.42%,限制大额申购,开放赎回
2022-12-16,1.8511,1.8511,-0.25%,限制大额申购,开放赎回
2022-12-19,1.8255,1.8255,-1.38%,限制大额申购,开放赎回
2022-12-20,1.8263,1.8263,0.04%,限制大额申购,开放赎回
2022-12-21,1.8463,1.8463,1.10%,限制大额申购,开放赎回
2022-12-22,1.8047,1.8047,-2.25%,限制大额申购,开放赎回
2022-12-23,1.8115,1.8115,0.38%,限制大额申购,开放赎回
2022-12-26,1.8117,1.8117,0.01%,暂停申购,暂停赎回
2022-12-27,1.7800,1.7800,-1.75%,限制大额申购,开放赎回
2022-12-28,1.7612,1.7612,-1.06%,限制大额申购,开放赎回
2022-12-29,1.8053,1.8053,2.50%,限制大额申购,开放赎回
2022-12-30,1.8001,1.8001,-0.29%,限制大额申购,开放赎回
2022-12-31,1.8000,1.8000,-0.01%,限制大额申购,开放赎回
2023-01-03,1.7842,1.7842,-0.88%,限制大额申购,开放赎回
2023-01-04,1.7842,1.7842,0.00%,限制大额申购,开放赎回
2023-01-05,1.7534,1.7534,-1.73%,暂停申购,开放赎回
2023-01-06,1.7979,1.7979,2.54%,暂停申购,开放赎回
2023-01-09,1.7925,1.7925,-0.30%,暂停申购,开放赎回
2023-01-10,1.7912,1.7912,-0.07%,暂停申购,开放赎回
2023-01-11,1.8237,1.8237,1.81%,暂停申购,开放赎回
2023-01-12,1.8303,1.8303,0.36%,暂停申购,开放赎回
2023-01-13,1.8326,1.8326,0.13%,暂停申购,开放赎回
2023-01-16,1.8285,1.8285,-0.22%,暂停申购,暂停赎回
2023-01-17,1.8330,1.8330,0.25%,暂停申购,开放赎回
2023-01-18,1.8207,1.8207,-0.67%,暂停申购,开放赎回
2023-01-19,1.8054,1.8054,-0.84%,暂停申购,开放赎回
2023-01-20,1.8539,1.8539,2.69%,暂停申购,开放赎回
2023-01-30,1.8950,1.8950,2.22%,暂停申购,开放赎回
2023-01-31,1.9225,1.9225,1.45%,暂停申购,开放赎回
2023-02-01,1.9582,1.9582,1.86%,暂停申购,开放赎回
2023-02-02,2.0134,2.0134,2.82%,暂停申购,开放赎回
2023-02-03,1.9864,1.9864,-1.34%,暂停申购,开放赎回
2023-02-06,1.9799,1.9799,-0.33%,暂停申购,开放赎回
2023-02-07,2.0257,2.0257,2.31%,暂停申购,开放赎回
2023-02-08,1.9847,1.9847,-2.02%,暂停申购,开放赎回
2023-02-09,1.9718,1.9718,-0.65%,暂停申购,开放赎回
2023-02-10,1.9599,1.9599,-0.60%,暂停申购,开放赎回
2023-02-13,1.9970,1.9970,1.89%,暂停申购,开放赎回
2023-02-14,2.0101,2.0101,0.66%,暂停申购,开放赎回
2023-02-15,2.0267,2.0267,0.83%,暂停申购,开放赎回
2023-02-16,1.9988,1.9988,-1.38%,暂停申购,开放赎回
2023-02-17,1.9897,1.9897,-0.46%,暂停申购,开放赎回
2023-02-20,1.9891,1.9891,-0.03%,暂停申购,暂停赎回
2023-02-21,1.9410,1.9410,-2.42%,暂停申购,开放赎回
2023-02-22,1.9472,1.9472,0.32%,暂停申购,开放赎回
2023-02-23,1.9719,1.9719,1.27%,暂停申购,开放赎回
2023-02-24,1.9370,1.9370,-1.77%,暂停申购,开放赎回
2023-02-27,1.9674,1.9674,1.57%,暂停申购,开放赎回
2023-02-28,1.9635,1.9635,-0.20%,暂停申购,开放赎回
2023-03-01,1.9443,1.9443,-0.98%,暂停申购,开放赎回
2023-03-02,1.9450,1.9450,0.04%,暂停申购,开放赎回
2023-03-03,1.9913,1.9913,2.38%,暂停申购,开放赎回
2023-03-06,1.9883,1.9883,-0.15%,暂停申购,开放赎回
2023-03-07,1.9706,1.9706,-0.89%,暂停申购,开放赎回
2023-03-08,1.9905,1.9905,1.01%,暂停申购,开放赎回
2023-03-09,1.9602,1.9602,-1.52%,暂停申购,开放赎回
2023-03-10,1.9339,1.9339,-1.34%,暂停申购,开放赎回
2023-03-13,1.9408,1.9408,0.36%,暂停申购,开放赎回
2023-03-14,1.9723,1.9723,1.62%,暂停申购,开放赎回
2023-03-15,1.9727,1.9727,0.02%,暂停申购,开放赎回
2023-03-16,2.0373,2.0373,3.27%,暂停申购,开放赎回
2023-03-17,2.0248,2.0248,-0.61%,暂停申购,开放赎回
2023-03-20,2.0209,2.0209,-0.19%,暂停申购,开放赎回
2023-03-21,2.0504,2.0504,1.46%,暂停申购,开放赎回
2023-03-22,2.0224,2.0224,-1.37%,暂停申购,开放赎回
2023-03-23,2.0469,2.0469,1.21%,暂停申购,开放赎回
2023-03-24,2.0427,2.0427,-0.21%,暂停申购,开放赎回
2023-03-27,2.0381,2.0381,-0.23%,暂停申购,开放赎回
2023-03-28,2.0294,2.0294,-0.43%,暂停申购,开放赎回
2023-03-29,2.0664,2.0664,1.82%,暂停申购,开放赎回
2023-03-30,2.0880,2.0880,1.05%,暂停申购,开放赎回
2023-03-31,2.1166,2.1166,1.37%,暂停申购,开放赎回
2023-04-03,2.1141,2.1141,-0.12%,暂停申购,开放赎回
2023-04-04,2.1038,2.1038,-0.49%,暂停申购,开放赎回
2023-04-06,2.0994,2.0994,-0.21%,暂停申购,开放赎回
2023-04-07,2.1022,2.1022,0.13%,暂停申购,暂停赎回
2023-04-10,2.0980,2.0980,-0.20%,暂停申购,开放赎回
2023-04-11,2.0881,2.0881,-0.47%,暂停申购,开放赎回
2023-04-12,2.0692,2.0692,-0.91%,暂停申购,开放赎回
2023-04-13,2.1036,2.1036,1.66%,暂停申购,开放赎回
2023-04-14,2.0973,2.0973,-0.30%,暂停申购,开放赎回
2023-04-17,2.1006,2.1006,0.16%,暂停申购,开放赎回
2023-04-18,2.1053,2.1053,0.22%,暂停申购,开放赎回
2023-04-19,2.1022,2.1022,-0.15%,暂停申购,开放赎回
2023-04-20,2.0942,2.0942,-0.38%,暂停申购,开放赎回
2023-04-21,2.0893,2.0893,-0.23%,暂停申购,开放赎回
2023-04-24,2.0869,2.0869,-0.11%,暂停申购,开放赎回
2023-04-25,2.0496,2.0496,-1.79%,暂停申购,开放赎回
2023-04-26,2.0738,2.0738,1.18%,暂停申购,开放赎回
2023-04-27,2.1276,2.1276,2.59%,暂停申购,开放赎回
2023-04-28,2.1420,2.1420,0.68%,暂停申购,开放赎回
2023-05-04,2.0950,2.0950,-2.19%,暂停申购,开放赎回
2023-05-05,2.1392,2.1392,2.11%,暂停申购,开放赎回
2023-05-08,2.1453,2.1453,0.29%,暂停申购,开放赎回
2023-05-09,2.1344,2.1344,-0.51%,暂停申购,开放赎回
2023-05-10,2.1584,2.1584,1.12%,暂停申购,开放赎回
2023-05-11,2.1588,2.1588,0.02%,暂停申购,开放赎回
2023-05-12,2.1634,2.1634,0.21%,暂停申购,开放赎回
2023-05-15,2.1800,2.1800,0.77%,暂停申购,开放赎回
2023-05-16,2.1773,2.1773,-0.12%,暂停申购,开放赎回
2023-05-17,2.2112,2.2112,1.56%,暂停申购,开放赎回
2023-05-18,2.2563,2.2563,2.04%,暂停申购,开放赎回
2023-05-19,2.2640,2.2640,0.34%,暂停申购,开放赎回
2023-05-22,2.2647,2.2647,0.03%,暂停申购,开放赎回
2023-05-23,2.2421,2.2421,-1.00%,暂停申购,开放赎回
2023-05-24,2.2386,2.2386,-0.16%,暂停申购,开放赎回
2023-05-25,2.2896,2.2896,2.28%,暂停申购,开放赎回
2023-05-26,2.3535,2.3535,2.79%,暂停申购,开放赎回
2023-05-29,2.3471,2.3471,-0.27%,暂停申购,暂停赎回
2023-05-30,2.3641,2.3641,0.72%,暂停申购,开放赎回
2023-05-31,2.3483,2.3483,-0.67%,暂停申购,开放赎回
2023-06-01,2.3826,2.3826,1.46%,暂停申购,开放赎回
2023-06-02,2.3982,2.3982,0.65%,暂停申购,开放赎回
2023-06-05,2.3984,2.3984,0.01%,暂停申购,开放赎回
2023-06-06,2.4044,2.4044,0.25%,暂停申购,开放赎回
2023-06-07,2.3684,2.3684,-1.50%,暂停申购,开放赎回
2023-06-08,2.3998,2.3998,1.33%,暂停申购,开放赎回
2023-06-09,2.4011,2.4011,0.05%,暂停申购,开放赎回
2023-06-12,2.4446,2.4446,1.81%,暂停申购,开放赎回
2023-06-13,2.4728,2.4728,1.15%,暂停申购,开放赎回
2023-06-14,2.4918,2.4918,0.77%,暂停申购,开放赎回
2023-06-15,2.5172,2.5172,1.02%,暂停申购,开放赎回
2023-06-16,2.4939,2.4939,-0.93%,暂停申购,开放赎回
2023-06-19,2.4906,2.4906,-0.13%,暂停申购,暂停赎回
2023-06-20,2.5022,2.5022,0.47%,暂停申购,开放赎回
2023-06-21,2.4772,2.4772,-1.00%,暂停申购,开放赎回
2023-06-26,2.4575,2.4575,-0.80%,暂停申购,开放赎回
2023-06-27,2.5000,2.5000,1.73%,暂停申购,开放赎回
2023-06-28,2.5031,2.5031,0.12%,暂停申购,开放赎回
2023-06-29,2.5029,2.5029,-0.01%,暂停申购,开放赎回
2023-06-30,2.5428,2.5428,1.59%,暂停申购,开放赎回
2023-07-03,2.5439,2.5439,0.04%,暂停申购,开放赎回
2023-07-04,2.5399,2.5399,-0.16%,暂停申购,暂停赎回
2023-07-05,2.5365,2.5365,-0.13%,暂停申购,开放赎回
2023-07-06,2.5228,2.5228,-0.54%,暂停申购,开放赎回
2023-07-07,2.5130,2.5130,-0.39%,暂停申购,开放赎回
2023-07-10,2.5098,2.5098,-0.13%,暂停申购,开放赎回
2023-07-11,2.5200,2.5200,0.41%,暂停申购,开放赎回
2023-07-12,2.5453,2.5453,1.00%,暂停申购,开放赎回
2023-07-13,2.5785,2.5785,1.30%,暂停申购,开放赎回
2023-07-14,2.5698,2.5698,-0.34%,暂停申购,开放赎回
2023-07-17,2.5929,2.5929,0.90%,暂停申购,开放赎回
2023-07-18,2.6176,2.6176,0.95%,暂停申购,开放赎回
2023-07-19,2.6164,2.6164,-0.05%,暂停申购,开放赎回
2023-07-20,2.5589,2.5589,-2.20%,暂停申购,开放赎回
2023-07-21,2.5520,2.5520,-0.27%,暂停申购,开放赎回
2023-07-24,2.5551,2.5551,0.12%,暂停申购,开放赎回
2023-07-25,2.5711,2.5711,0.63%,暂停申购,开放赎回
2023-07-26,2.5574,2.5574,-0.53%,暂停申购,开放赎回
2023-07-27,2.5508,2.5508,-0.26%,暂停申购,开放赎回
2023-07-28,2.5985,2.5985,1.87%,暂停申购,开放赎回
2023-07-31,2.5980,2.5980,-0.02%,暂停申购,开放赎回
2023-08-01,2.5910,2.5910,-0.27%,暂停申购,开放赎回
2023-08-02,2.5393,2.5393,-2.00%,暂停申购,开放赎回
2023-08-03,2.5409,2.5409,0.06%,暂停申购,开放赎回
2023-08-04,2.5257,2.5257,-0.60%,暂停申购,开放赎回
2023-08-07,2.5453,2.5453,0.78%,暂停申购,开放赎回
2023-08-08,2.5305,2.5305,-0.58%,暂停申购,开放赎回
2023-08-09,2.5045,2.5045,-1.03%,暂停申购,开放赎回
2023-08-10,2.5086,2.5086,0.16%,暂停申购,开放赎回
2023-08-11,2.4934,2.4934,-0.61%,暂停申购,开放赎回
2023-08-14,2.5248,2.5248,1.26%,暂停申购,开放赎回
2023-08-15,2.5011,2.5011,-0.94%,暂停申购,开放赎回
2023-08-16,2.4834,2.4834,-0.71%,暂停申购,开放赎回
2023-08-17,2.4610,2.4610,-0.90%,暂停申购,开放赎回
2023-08-18,2.4552,2.4552,-0.24%,暂停申购,开放赎回
2023-08-21,2.4937,2.4937,1.57%,暂停申购,开放赎回
2023-08-22,2.4894,2.4894,-0.17%,暂停申购,开放赎回
2023-08-23,2.5280,2.5280,1.55%,暂停申购,开放赎回
2023-08-24,2.4722,2.4722,-2.21%,暂停申购,开放赎回
2023-08-25,2.4917,2.4917,0.79%,暂停申购,开放赎回
2023-08-28,2.5081,2.5081,0.66%,暂停申购,开放赎回
2023-08-29,2.5590,2.5590,2.03%,暂停申购,开放赎回
2023-08-30,2.5715,2.5715,0.49%,暂停申购,开放赎回
2023-08-31,2.5778,2.5778,0.24%,暂停申购,开放赎回
2023-09-01,2.5753,2.5753,-0.10%,暂停申购,开放赎回
2023-09-04,2.5752,2.5752,0.00%,暂停申购,暂停赎回
2023-09-05,2.5777,2.5777,0.10%,暂停申购,开放赎回
2023-09-06,2.5627,2.5627,-0.58%,暂停申购,开放赎回
2023-09-07,2.5453,2.5453,-0.68%,暂停申购,开放赎回
2023-09-08,2.5546,2.5546,0.37%,暂停申购,开放赎回
2023-09-11,2.5833,2.5833,1.12%,暂停申购,开放赎回
2023-09-12,2.5500,2.5500,-1.29%,暂停申购,开放赎回
2023-09-13,2.5560,2.5560,0.24%,暂停申购,开放赎回
2023-09-14,2.5756,2.5756,0.77%,暂停申购,开放赎回
2023-09-15,2.5290,2.5290,-1.81%,暂停申购,开放赎回
2023-09-18,2.5306,2.5306,0.06%,暂停申购,开放赎回
2023-09-19,2.5251,2.5251,-0.22%,暂停申购,开放赎回
2023-09-20,2.4905,2.4905,-1.37%,暂停申购,开放赎回
2023-09-21,2.4468,2.4468,-1.75%,暂停申购,开放赎回
2023-09-22,2.4479,2.4479,0.04%,暂停申购,开放赎回
2023-09-25,2.4583,2.4583,0.42%,暂停申购,开放赎回
2023-09-26,2.4230,2.4230,-1.44%,暂停申购,开放赎回
2023-09-27,2.4280,2.4280,0.21%,暂停申购,开放赎回
2023-09-28,2.4502,2.4502,0.91%,暂停申购,开放赎回
2023-10-09,2.5044,2.5044,2.21%,暂停申购,开放赎回
2023-10-10,2.5174,2.5174,0.52%,暂停申购,开放赎回
2023-10-11,2.5348,2.5348,0.69%,暂停申购,开放赎回
2023-10-12,2.5256,2.5256,-0.36%,暂停申购,开放赎回
2023-10-13,2.4957,2.4957,-1.18%,暂停申购,开放赎回
2023-10-16,2.5244,2.5244,1.15%,暂停申购,开放赎回
2023-10-17,2.5165,2.5165,-0.31%,暂停申购,开放赎回
2023-10-18,2.4830,2.4830,-1.33%,暂停申购,开放赎回
2023-10-19,2.4633,2.4633,-0.79%,暂停申购,开放赎回
2023-10-20,2.4283,2.4283,-1.42%,暂停申购,开放赎回
2023-10-23,2.4352,2.4352,0.28%,暂停申购,开放赎回
2023-10-24,2.4575,2.4575,0.92%,暂停申购,开放赎回
2023-10-25,2.3998,2.3998,-2.35%,暂停申购,开放赎回
2023-10-26,2.3565,2.3565,-1.80%,暂停申购,开放赎回
2023-10-27,2.3675,2.3675,0.47%,暂停申购,开放赎回
2023-10-30,2.3927,2.3927,1.06%,暂停申购,开放赎回
2023-10-31,2.4041,2.4041,0.48%,暂停申购,开放赎回
2023-11-01,2.4447,2.4447,1.69%,暂停申购,开放赎回
2023-11-02,2.4858,2.4858,1.68%,暂停申购,开放赎回
2023-11-03,2.5144,2.5144,1.15%,暂停申购,开放赎回
2023-11-06,2.5226,2.5226,0.33%,暂停申购,开放赎回
2023-11-07,2.5449,2.5449,0.88%,暂停申购,开放赎回
2023-11-08,2.5473,2.5473,0.09%,暂停申购,开放赎回
2023-11-09,2.5280,2.5280,-0.76%,暂停申购,开放赎回
2023-11-10,2.5830,2.5830,2.18%,暂停申购,开放赎回
2023-11-13,2.5757,2.5757,-0.28%,暂停申购,开放赎回
2023-11-14,2.6279,2.6279,2.03%,暂停申购,开放赎回
2023-11-15,2.6282,2.6282,0.01%,暂停申购,开放赎回
2023-11-16,2.6296,2.6296,0.05%,暂停申购,开放赎回
2023-11-17,2.6306,2.6306,0.04%,暂停申购,开放赎回
2023-11-20,2.6557,2.6557,0.95%,暂停申购,开放赎回
2023-11-21,2.6327,2.6327,-0.87%,暂停申购,开放赎回
2023-11-22,2.6379,2.6379,0.20%,暂停申购,开放赎回
2023-11-23,2.6362,2.6362,-0.06%,暂停申购,暂停赎回
2023-11-24,2.6312,2.6312,-0.19%,暂停申购,开放赎回
2023-11-27,2.6285,2.6285,-0.10%,暂停申购,开放赎回
2023-11-28,2.6356,2.6356,0.27%,暂停申购,开放赎回
2023-11-29,2.6289,2.6289,-0.25%,暂停申购,开放赎回
2023-11-30,2.6225,2.6225,-0.24%,暂停申购,开放赎回
2023-12-01,2.6331,2.6331,0.40%,暂停申购,开放赎回
2023-12-04,2.6054,2.6054,-1.05%,暂停申购,开放赎回
2023-12-05,2.6152,2.6152,0.38%,暂停申购,开放赎回
2023-12-06,2.6015,2.6015,-0.52%,暂停申购,开放赎回
2023-12-07,2.6394,2.6394,1.46%,暂停申购,开放赎回
2023-12-08,2.6474,2.6474,0.30%,暂停申购,开放赎回
2023-12-11,2.6711,2.6711,0.90%,暂停申购,开放赎回
2023-12-12,2.6925,2.6925,0.80%,暂停申购,开放赎回
2023-12-13,2.7232,2.7232,1.14%,暂停申购,开放赎回
2023-12-14,2.7180,2.7180,-0.19%,暂停申购,开放赎回
2023-12-15,2.7255,2.7255,0.28%,暂停申购,开放赎回
2023-12-18,2.7413,2.7413,0.58%,暂停申购,开放赎回
2023-12-19,2.7564,2.7564,0.55%,暂停申购,开放赎回
2023-12-20,2.7155,2.7155,-1.48%,暂停申购,开放赎回
2023-12-21,2.7478,2.7478,1.19%,暂停申购,开放赎回
2023-12-22,2.7487,2.7487,0.03%,暂停申购,开放赎回
2023-12-25,2.7504,2.7504,0.06%,暂停申购,暂停赎回
2023-12-26,2.7643,2.7643,0.51%,暂停申购,开放赎回
2023-12-27,2.7700,2.7700,0.21%,暂停申购,开放赎回
2023-12-28,2.7675,2.7675,-0.09%,暂停申购,开放赎回
2023-12-29,2.7510,2.7510,-0.60%,暂停申购,开放赎回
2023-12-31,2.7511,2.7511,0.00%,暂停申购,开放赎回
2024-01-02,2.7052,2.7052,-1.67%,暂停申购,开放赎回
2024-01-03,2.6865,2.6865,-0.69%,暂停申购,开放赎回
2024-01-04,2.6727,2.6727,-0.51%,暂停申购,开放赎回
2024-01-05,2.6777,2.6777,0.19%,暂停申购,开放赎回
2024-01-08,2.7302,2.7302,1.96%,暂停申购,开放赎回
2024-01-09,2.7350,2.7350,0.18%,暂停申购,开放赎回
2024-01-10,2.7544,2.7544,0.71%,暂停申购,开放赎回
2024-01-11,2.7598,2.7598,0.20%,暂停申购,开放赎回
2024-01-12,2.7603,2.7603,0.02%,暂停申购,开放赎回
2024-01-15,2.7615,2.7615,0.04%,暂停申购,暂停赎回
2024-01-16,2.7629,2.7629,0.05%,暂停申购,开放赎回
2024-01-17,2.7492,2.7492,-0.50%,暂停申购,开放赎回
2024-01-18,2.7878,2.7878,1.40%,暂停申购,开放赎回
2024-01-19,2.8391,2.8391,1.84%,暂停申购,开放赎回
2024-01-22,2.8398,2.8398,0.02%,暂停申购,开放赎回
2024-01-23,2.8516,2.8516,0.42%,暂停申购,开放赎回
2024-01-24,2.8647,2.8647,0.46%,暂停申购,开放赎回
2024-01-25,2.8674,2.8674,0.09%,暂停申购,开放赎回
2024-01-26,2.8535,2.8535,-0.48%,暂停申购,开放赎回
2024-01-29,2.8815,2.8815,0.98%,暂停申购,开放赎回
2024-01-30,2.8616,2.8616,-0.69%,暂停申购,开放赎回
2024-01-31,2.8084,2.8084,-1.86%,暂停申购,开放赎回
2024-02-01,2.8408,2.8408,1.15%,暂停申购,开放赎回
2024-02-02,2.8854,2.8854,1.57%,暂停申购,开放赎回
2024-02-05,2.8830,2.8830,-0.08%,暂停申购,开放赎回
2024-02-06,2.8774,2.8774,-0.19%,暂停申购,开放赎回
2024-02-07,2.9042,2.9042,0.93%,暂停申购,开放赎回
2024-02-08,2.9094,2.9094,0.18%,暂停申购,开放赎回
2024-02-19,2.8935,2.8935,-0.55%,暂停申购,暂停赎回
2024-02-20,2.8731,2.8731,-0.71%,暂停申购,开放赎回
2024-02-21,2.8616,2.8616,-0.40%,暂停申购,开放赎回
2024-02-22,2.9426,2.9426,2.83%,暂停申购,开放赎回
2024-02-23,2.9342,2.9342,-0.29%,暂停申购,开放赎回
2024-02-26,2.9339,2.9339,-0.01%,暂停申购,开放赎回
2024-02-27,2.9389,2.9389,0.17%,暂停申购,开放赎回
2024-02-28,2.9248,2.9248,-0.48%,暂停申购,开放赎回
2024-02-29,2.9502,2.9502,0.87%,暂停申购,开放赎回
2024-03-01,2.9911,2.9911,1.39%,暂停申购,开放赎回
2024-03-04,2.9780,2.9780,-0.44%,暂停申购,开放赎回
2024-03-05,2.9271,2.9271,-1.71%,暂停申购,开放赎回
2024-03-06,2.9453,2.9453,0.62%,暂停申购,开放赎回
2024-03-07,2.9883,2.9883,1.46%,暂停申购,开放赎回
2024-03-08,2.9444,2.9444,-1.47%,暂停申购,开放赎回
2024-03-11,2.9333,2.9333,-0.38%,暂停申购,开放赎回
2024-03-12,2.9745,2.9745,1.40%,暂停申购,开放赎回
2024-03-13,2.9495,2.9495,-0.84%,暂停申购,开放赎回
2024-03-14,2.9430,2.9430,-0.22%,暂停申购,开放赎回
2024-03-15,2.9110,2.9110,-1.09%,暂停申购,开放赎回
2024-03-18,2.9371,2.9371,0.90%,暂停申购,开放赎回
2024-03-19,2.9458,2.9458,0.30%,暂停申购,开放赎回
2024-03-20,2.9778,2.9778,1.09%,暂停申购,开放赎回
2024-03-21,2.9894,2.9894,0.39%,暂停申购,开放赎回
2024-03-22,2.9946,2.9946,0.17%,暂停申购,开放赎回
2024-03-25,2.9845,2.9845,-0.34%,暂停申购,开放赎回
2024-03-26,2.9723,2.9723,-0.41%,暂停申购,开放赎回
2024-03-27,2.9831,2.9831,0.36%,暂停申购,开放赎回
2024-03-28,2.9790,2.9790,-0.14%,暂停申购,开放赎回
2024-03-29,2.9790,2.9790,0.00%,暂停申购,暂停赎回
2024-04-01,2.9842,2.9842,0.17%,暂停申购,开放赎回
2024-04-02,2.9586,2.9586,-0.86%,暂停申购,开放赎回
2024-04-03,2.9647,2.9647,0.21%,暂停申购,开放赎回
2024-04-08,2.9547,2.9547,-0.34%,暂停申购,开放赎回
2024-04-09,2.9657,2.9657,0.37%,暂停申购,开放赎回
2024-04-10,2.9413,2.9413,-0.82%,暂停申购,开放赎回
2024-04-11,2.9871,2.9871,1.56%,暂停申购,开放赎回
2024-04-12,2.9400,2.9400,-1.58%,暂停申购,开放赎回
2024-04-15,2.8942,2.8942,-1.56%,暂停申购,开放赎回
2024-04-16,2.8970,2.8970,0.10%,暂停申购,开放赎回
2024-04-17,2.8627,2.8627,-1.18%,暂停申购,开放赎回
2024-04-18,2.8470,2.8470,-0.55%,暂停申购,开放赎回
2024-04-19,2.7923,2.7923,-1.92%,暂停申购,开放赎回
2024-04-22,2.8189,2.8189,0.95%,暂停申购,开放赎回
2024-04-23,2.8599,2.8599,1.45%,暂停申购,开放赎回
2024-04-24,2.8683,2.8683,0.29%,暂停申购,开放赎回
2024-04-25,2.8535,2.8535,-0.52%,暂停申购,开放赎回
2024-04-26,2.8975,2.8975,1.54%,暂停申购,开放赎回
2024-04-29,2.9078,2.9078,0.36%,暂停申购,开放赎回
2024-04-30,2.8551,2.8551,-1.81%,暂停申购,开放赎回
2024-05-06,2.9530,2.9530,3.43%,暂停申购,开放赎回
2024-05-07,2.9530,2.9530,0.00%,暂停申购,开放赎回
2024-05-08,2.9525,2.9525,-0.02%,暂停申购,开放赎回
2024-05-09,2.9574,2.9574,0.17%,暂停申购,开放赎回
2024-05-10,2.9644,2.9644,0.24%,暂停申购,开放赎回
2024-05-13,2.9709,2.9709,0.22%,暂停申购,开放赎回
2024-05-14,2.9911,2.9911,0.68%,暂停申购,开放赎回
2024-05-15,3.0334,3.0334,1.41%,暂停申购,开放赎回
2024-05-16,3.0268,3.0268,-0.22%,暂停申购,开放赎回
2024-05-17,3.0259,3.0259,-0.03%,暂停申购,开放赎回
2024-05-20,3.0455,3.0455,0.65%,暂停申购,开放赎回
2024-05-21,3.0525,3.0525,0.23%,暂停申购,开放赎回
2024-05-22,3.0515,3.0515,-0.03%,暂停申购,开放赎回
2024-05-23,3.0398,3.0398,-0.38%,暂停申购,开放赎回
2024-05-24,3.0683,3.0683,0.94%,暂停申购,开放赎回
2024-05-27,3.0679,3.0679,-0.01%,暂停申购,暂停赎回
2024-05-28,3.0777,3.0777,0.32%,暂停申购,开放赎回
2024-05-29,3.0573,3.0573,-0.66%,暂停申购,开放赎回
2024-05-30,3.0270,3.0270,-0.99%,暂停申购,开放赎回
2024-05-31,3.0256,3.0256,-0.05%,暂停申购,开放赎回
2024-06-03,3.0354,3.0354,0.32%,暂停申购,开放赎回
2024-06-04,3.0437,3.0437,0.27%,暂停申购,开放赎回
2024-06-05,3.1030,3.1030,1.95%,暂停申购,开放赎回
2024-06-06,3.1013,3.1013,-0.05%,暂停申购,开放赎回
2024-06-07,3.0983,3.0983,-0.10%,暂停申购,开放赎回
2024-06-11,3.1318,3.1318,1.08%,暂停申购,开放赎回
2024-06-12,3.1712,3.1712,1.26%,暂停申购,开放赎回
2024-06-13,3.1882,3.1882,0.54%,暂停申购,开放赎回
2024-06-14,3.2022,3.2022,0.44%,暂停申购,开放赎回
2024-06-17,3.2394,3.2394,1.16%,暂停申购,开放赎回
2024-06-18,3.2399,3.2399,0.02%,暂停申购,开放赎回
2024-06-19,3.2403,3.2403,0.01%,暂停申购,暂停赎回
2024-06-20,3.2174,3.2174,-0.71%,暂停申购,开放赎回
2024-06-21,3.2095,3.2095,-0.25%,暂停申购,开放赎回
2024-06-24,3.1751,3.1751,-1.07%,暂停申购,开放赎回
2024-06-25,3.2110,3.2110,1.13%,暂停申购,开放赎回
2024-06-26,3.2194,3.2194,0.26%,暂停申购,开放赎回
2024-06-27,3.2259,3.2259,0.20%,暂停申购,开放赎回
2024-06-28,3.2095,3.2095,-0.51%,暂停申购,开放赎回
2024-06-30,3.2093,3.2093,-0.01%,暂停申购,开放赎回
2024-07-01,3.2293,3.2293,0.62%,暂停申购,开放赎回
2024-07-02,3.2611,3.2611,0.98%,暂停申购,开放赎回
2024-07-03,3.2893,3.2893,0.86%,暂停申购,开放赎回
2024-07-04,3.2891,3.2891,-0.01%,暂停申购,暂停赎回
2024-07-05,3.3203,3.3203,0.95%,暂停申购,开放赎回
2024-07-08,3.3277,3.3277,0.22%,暂停申购,开放赎回
2024-07-09,3.3309,3.3309,0.10%,暂停申购,开放赎回
2024-07-10,3.3667,3.3667,1.07%,暂停申购,开放赎回
2024-07-11,3.2952,3.2952,-2.12%,暂停申购,开放赎回
2024-07-12,3.3122,3.3122,0.52%,暂停申购,开放赎回
2024-07-15,3.3208,3.3208,0.26%,暂停申购,开放赎回
2024-07-16,3.3235,3.3235,0.08%,暂停申购,开放赎回
2024-07-17,3.2305,3.2305,-2.80%,暂停申购,开放赎回
2024-07-18,3.2146,3.2146,-0.49%,暂停申购,开放赎回
2024-07-19,3.1876,3.1876,-0.84%,暂停申购,开放赎回
2024-07-22,3.2346,3.2346,1.47%,暂停申购,开放赎回
2024-07-23,3.2239,3.2239,-0.33%,暂停申购,开放赎回
2024-07-24,3.1133,3.1133,-3.43%,暂停申购,开放赎回
2024-07-25,3.0805,3.0805,-1.05%,暂停申购,开放赎回
2024-07-26,3.1084,3.1084,0.91%,暂停申购,开放赎回
2024-07-29,3.1158,3.1158,0.24%,暂停申购,开放赎回
2024-07-30,3.0767,3.0767,-1.25%,暂停申购,开放赎回
2024-07-31,3.1640,3.1640,2.84%,暂停申购,开放赎回
2024-08-01,3.0901,3.0901,-2.34%,暂停申购,开放赎回
2024-08-02,3.0222,3.0222,-2.20%,暂停申购,开放赎回
2024-08-05,2.9364,2.9364,-2.84%,暂停申购,开放赎回
2024-08-06,2.9637,2.9637,0.93%,暂停申购,开放赎回
2024-08-07,2.9340,2.9340,-1.00%,暂停申购,开放赎回
2024-08-08,3.0217,3.0217,2.99%,暂停申购,开放赎回
2024-08-09,3.0365,3.0365,0.49%,暂停申购,开放赎回
2024-08-12,3.0414,3.0414,0.16%,暂停申购,开放赎回
2024-08-13,3.1139,3.1139,2.38%,暂停申购,开放赎回
2024-08-14,3.1139,3.1139,0.00%,暂停申购,开放赎回
2024-08-15,3.1858,3.1858,2.31%,暂停申购,开放赎回
2024-08-16,3.1917,3.1917,0.19%,暂停申购,开放赎回
2024-08-19,3.2292,3.2292,1.17%,暂停申购,开放赎回
2024-08-20,3.2184,3.2184,-0.33%,暂停申购,开放赎回
2024-08-21,3.2338,3.2338,0.48%,暂停申购,开放赎回
2024-08-22,3.1795,3.1795,-1.68%,暂停申购,开放赎回
2024-08-23,3.2194,3.2194,1.25%,暂停申购,开放赎回
2024-08-26,3.1792,3.1792,-1.25%,暂停申购,开放赎回
2024-08-27,3.1935,3.1935,0.45%,暂停申购,开放赎回
2024-08-28,3.1565,3.1565,-1.16%,暂停申购,开放赎回
2024-08-29,3.1558,3.1558,-0.02%,暂停申购,开放赎回
2024-08-30,3.1871,3.1871,0.99%,暂停申购,开放赎回
2024-09-02,3.1831,3.1831,-0.13%,暂停申购,暂停赎回
2024-09-03,3.0917,3.0917,-2.87%,暂停申购,开放赎回
2024-09-04,3.0872,3.0872,-0.15%,暂停申购,开放赎回
2024-09-05,3.0824,3.0824,-0.16%,暂停申购,开放赎回
2024-09-06,3.0023,3.0023,-2.60%,暂停申购,开放赎回
2024-09-09,3.0414,3.0414,1.30%,暂停申购,开放赎回
2024-09-10,3.0729,3.0729,1.04%,暂停申购,开放赎回
2024-09-11,3.1374,3.1374,2.10%,暂停申购,开放赎回
2024-09-12,3.1672,3.1672,0.95%,暂停申购,开放赎回
2024-09-13,3.1740,3.1740,0.21%,暂停申购,开放赎回
2024-09-18,3.1411,3.1411,-1.04%,暂停申购,开放赎回
2024-09-19,3.2219,3.2219,2.57%,暂停申购,开放赎回
2024-09-20,3.2004,3.2004,-0.67%,暂停申购,开放赎回
2024-09-23,3.2048,3.2048,0.14%,暂停申购,开放赎回
2024-09-24,3.2181,3.2181,0.42%,暂停申购,开放赎回
2024-09-25,3.2095,3.2095,-0.27%,暂停申购,开放赎回
2024-09-26,3.2377,3.2377,0.88%,暂停申购,开放赎回
2024-09-27,3.2106,3.2106,-0.84%,暂停申购,开放赎回
2024-09-30,3.2170,3.2170,0.20%,暂停申购,开放赎回
2024-10-08,3.2515,3.2515,1.07%,暂停申购,开放赎回
2024-10-09,3.2696,3.2696,0.56%,暂停申购,开放赎回
2024-10-10,3.2726,3.2726,0.09%,暂停申购,开放赎回
2024-10-11,3.2765,3.2765,0.12%,暂停申购,开放赎回
2024-10-14,3.3017,3.3017,0.77%,暂停申购,开放赎回
2024-10-15,3.2635,3.2635,-1.16%,暂停申购,开放赎回
2024-10-16,3.2817,3.2817,0.56%,暂停申购,开放赎回
2024-10-17,3.2854,3.2854,0.11%,暂停申购,开放赎回
2024-10-18,3.3083,3.3083,0.70%,暂停申购,开放赎回
2024-10-21,3.3008,3.3008,-0.23%,暂停申购,开放赎回
2024-10-22,3.3152,3.3152,0.44%,暂停申购,开放赎回
2024-10-23,3.2670,3.2670,-1.45%,暂停申购,开放赎回
2024-10-24,3.2944,3.2944,0.84%,暂停申购,开放赎回
2024-10-25,3.3040,3.3040,0.29%,限制大额申购,开放赎回
2024-10-28,3.3135,3.3135,0.29%,限制大额申购,开放赎回
2024-10-29,3.3433,3.3433,0.90%,限制大额申购,开放赎回
2024-10-30,3.3228,3.3228,-0.61%,限制大额申购,开放赎回
2024-10-31,3.2401,3.2401,-2.49%,限制大额申购,开放赎回
2024-11-01,3.2571,3.2571,0.52%,限制大额申购,开放赎回
2024-11-04,3.2491,3.2491,-0.25%,限制大额申购,开放赎回
2024-11-05,3.2815,3.2815,1.00%,限制大额申购,开放赎回
2024-11-06,3.3656,3.3656,2.56%,限制大额申购,开放赎回
2024-11-07,3.4458,3.4458,2.38%,限制大额申购,开放赎回
2024-11-08,3.4380,3.4380,-0.23%,限制大额申购,开放赎回
2024-11-11,3.4526,3.4526,0.42%,限制大额申购,开放赎回
2024-11-12,3.4534,3.4534,0.02%,限制大额申购,开放赎回
2024-11-13,3.4509,3.4509,-0.07%,限制大额申购,开放赎回
2024-11-14,3.4280,3.4280,-0.66%,限制大额申购,开放赎回
2024-11-15,3.3516,3.3516,-2.23%,限制大额申购,开放赎回
2024-11-18,3.3703,3.3703,0.56%,限制大额申购,开放赎回
2024-11-19,3.3930,3.3930,0.67%,限制大额申购,开放赎回
2024-11-20,3.3914,3.3914,-0.05%,限制大额申购,开放赎回
2024-11-21,3.4033,3.4033,0.35%,限制大额申购,开放赎回
2024-11-22,3.4091,3.4091,0.17%,限制大额申购,开放赎回
2024-11-25,3.4123,3.4123,0.09%,限制大额申购,开放赎回
2024-11-26,3.4301,3.4301,0.52%,限制大额申购,开放赎回
2024-11-27,3.4056,3.4056,-0.71%,限制大额申购,开放赎回
2024-11-28,3.4015,3.4015,-0.12%,暂停申购,暂停赎回
2024-11-29,3.4296,3.4296,0.83%,限制大额申购,开放赎回
2024-12-02,3.4651,3.4651,1.04%,限制大额申购,开放赎回
2024-12-03,3.4811,3.4811,0.46%,限制大额申购,开放赎回
2024-12-04,3.5187,3.5187,1.08%,限制大额申购,开放赎回
2024-12-05,3.5056,3.5056,-0.37%,限制大额申购,开放赎回
2024-12-06,3.5348,3.5348,0.83%,限制大额申购,开放赎回
2024-12-09,3.5078,3.5078,-0.76%,限制大额申购,开放赎回
2024-12-10,3.4974,3.4974,-0.30%,限制大额申购,开放赎回
2024-12-11,3.5561,3.5561,1.68%,限制大额申购,开放赎回
2024-12-12,3.5336,3.5336,-0.63%,限制大额申购,开放赎回
2024-12-13,3.5603,3.5603,0.76%,限制大额申购,开放赎回
2024-12-16,3.6096,3.6096,1.38%,限制大额申购,开放赎回
2024-12-17,3.5949,3.5949,-0.41%,限制大额申购,开放赎回
2024-12-18,3.4728,3.4728,-3.40%,限制大额申购,开放赎回
2024-12-19,3.4575,3.4575,-0.44%,限制大额申购,开放赎回
2024-12-20,3.4850,3.4850,0.80%,限制大额申购,开放赎回
2024-12-23,3.5163,3.5163,0.90%,限制大额申购,开放赎回
2024-12-24,3.5595,3.5595,1.23%,限制大额申购,开放赎回
2024-12-25,3.5576,3.5576,-0.05%,暂停申购,暂停赎回
2024-12-26,3.5525,3.5525,-0.14%,暂停申购,开放赎回
2024-12-27,3.5050,3.5050,-1.34%,暂停申购,开放赎回
2024-12-30,3.4609,3.4609,-1.26%,暂停申购,开放赎回
2024-12-31,3.4303,3.4303,-0.88%,暂停申购,开放赎回
2025-01-02,3.4241,3.4241,-0.18%,暂停申购,开放赎回
2025-01-03,3.4786,3.4786,1.59%,暂停申购,开放赎回
2025-01-06,3.5143,3.5143,1.03%,暂停申购,开放赎回
2025-01-07,3.4546,3.4546,-1.70%,暂停申购,开放赎回
2025-01-08,3.4561,3.4561,0.04%,暂停申购,开放赎回
2025-01-09,3.4561,3.4561,0.00%,暂停申购,暂停赎回
2025-01-10,3.4046,3.4046,-1.49%,暂停申购,开放赎回
2025-01-13,3.3946,3.3946,-0.29%,暂停申购,开放赎回
2025-01-14,3.3900,3.3900,-0.14%,暂停申购,开放赎回
2025-01-15,3.4644,3.4644,2.19%,暂停申购,开放赎回
2025-01-16,3.4417,3.4417,-0.66%,暂停申购,开放赎回
2025-01-17,3.4961,3.4961,1.58%,暂停申购,开放赎回
2025-01-20,3.4957,3.4957,-0.01%,暂停申购,暂停赎回
2025-01-21,3.5071,3.5071,0.33%,暂停申购,开放赎回
2025-01-22,3.5511,3.5511,1.25%,暂停申购,开放赎回
2025-01-23,3.5588,3.5588,0.22%,暂停申购,开放赎回
2025-01-24,3.5391,3.5391,-0.55%,暂停申购,开放赎回
2025-01-27,3.4393,3.4393,-2.82%,暂停申购,开放赎回
2025-02-05,3.5202,3.5202,2.35%,暂停申购,开放赎回
2025-02-06,3.5377,3.5377,0.50%,暂停申购,开放赎回
2025-02-07,3.4935,3.4935,-1.25%,暂停申购,开放赎回
2025-02-10,3.5349,3.5349,1.19%,暂停申购,开放赎回
2025-02-11,3.5255,3.5255,-0.27%,暂停申购,开放赎回
2025-02-12,3.5292,3.5292,0.10%,暂停申购,开放赎回
2025-02-13,3.5773,3.5773,1.36%,暂停申购,开放赎回
2025-02-14,3.5900,3.5900,0.36%,暂停申购,开放赎回
2025-02-17,3.5895,3.5895,-0.01%,暂停申购,暂停赎回
2025-02-18,3.5966,3.5966,0.20%,暂停申购,开放赎回
2025-02-19,3.5986,3.5986,0.06%,暂停申购,开放赎回
2025-02-20,3.5827,3.5827,-0.44%,暂停申购,开放赎回
2025-02-21,3.5116,3.5116,-1.98%,暂停申购,开放赎回
2025-02-24,3.4718,3.4718,-1.13%,暂停申购,开放赎回
2025-02-25,3.4309,3.4309,-1.18%,限制大额申购,开放赎回
2025-02-26,3.4381,3.4381,0.21%,限制大额申购,开放赎回
2025-02-27,3.3487,3.3487,-2.60%,限制大额申购,开放赎回
2025-02-28,3.4004,3.4004,1.54%,限制大额申购,开放赎回
2025-03-03,3.3297,3.3297,-2.08%,限制大额申购,开放赎回
2025-03-04,3.3181,3.3181,-0.35%,限制大额申购,开放赎回
2025-03-05,3.3593,3.3593,1.24%,限制大额申购,开放赎回
2025-03-06,3.2693,3.2693,-2.68%,限制大额申购,开放赎回
2025-03-07,3.2931,3.2931,0.73%,限制大额申购,开放赎回
2025-03-10,3.1754,3.1754,-3.57%,限制大额申购,开放赎回
2025-03-11,3.1672,3.1672,-0.26%,限制大额申购,开放赎回
2025-03-12,3.1994,3.1994,1.02%,限制大额申购,开放赎回
2025-03-13,3.1435,3.1435,-1.75%,限制大额申购,开放赎回
2025-03-14,3.2182,3.2182,2.38%,限制大额申购,开放赎回
2025-03-17,3.2326,3.2326,0.45%,限制大额申购,开放赎回
2025-03-18,3.1838,3.1838,-1.51%,限制大额申购,开放赎回
2025-03-19,3.2211,3.2211,1.17%,限制大额申购,开放赎回
2025-03-20,3.2146,3.2146,-0.20%,限制大额申购,开放赎回
2025-03-21,3.2271,3.2271,0.39%,限制大额申购,开放赎回
2025-03-24,3.2930,3.2930,2.04%,限制大额申购,开放赎回
2025-03-25,3.3098,3.3098,0.51%,限制大额申购,开放赎回
2025-03-26,3.2513,3.2513,-1.77%,限制大额申购,开放赎回
2025-03-27,3.2331,3.2331,-0.56%,限制大额申购,开放赎回
2025-03-28,3.1526,3.1526,-2.49%,限制大额申购,开放赎回
2025-03-31,3.1532,3.1532,0.02%,限制大额申购,开放赎回
2025-04-01,3.1774,3.1774,0.77%,限制大额申购,开放赎回
2025-04-02,3.2004,3.2004,0.72%,限制大额申购,开放赎回
2025-04-03,3.0405,3.0405,-5.00%,限制大额申购,开放赎回
2025-04-07,2.8751,2.8751,-5.44%,限制大额申购,开放赎回
2025-04-08,2.8242,2.8242,-1.77%,限制大额申购,开放赎回
2025-04-09,3.1469,3.1469,11.43%,限制大额申购,开放赎回
2025-04-10,3.0228,3.0228,-3.94%,限制大额申购,开放赎回
2025-04-11,3.0764,3.0764,1.77%,限制大额申购,开放赎回
2025-04-14,3.0939,3.0939,0.57%,限制大额申购,开放赎回
2025-04-15,3.0985,3.0985,0.15%,限制大额申购,开放赎回
2025-04-16,3.0105,3.0105,-2.84%,限制大额申购,开放赎回
2025-04-17,3.0086,3.0086,-0.06%,限制大额申购,开放赎回
2025-04-18,3.0079,3.0079,-0.02%,暂停申购,暂停赎回
2025-04-21,2.9373,2.9373,-2.35%,限制大额申购,开放赎回
2025-04-22,3.0108,3.0108,2.50%,限制大额申购,开放赎回
2025-04-23,3.0769,3.0769,2.20%,限制大额申购,开放赎回
2025-04-24,3.1572,3.1572,2.61%,限制大额申购,开放赎回
2025-04-25,3.1897,3.1897,1.03%,限制大额申购,开放赎回
2025-04-28,3.1878,3.1878,-0.06%,限制大额申购,开放赎回
2025-04-29,3.2054,3.2054,0.55%,限制大额申购,开放赎回
2025-04-30,3.2088,3.2088,0.11%,限制大额申购,开放赎回
2025-05-06,3.2427,3.2427,1.06%,限制大额申购,开放赎回
2025-05-07,3.2543,3.2543,0.36%,限制大额申购,开放赎回
2025-05-08,3.2875,3.2875,1.02%,限制大额申购,开放赎回
2025-05-09,3.2882,3.2882,0.02%,限制大额申购,开放赎回
2025-05-12,3.4125,3.4125,3.78%,限制大额申购,开放赎回
2025-05-13,3.4601,3.4601,1.39%,限制大额申购,开放赎回
2025-05-14,3.4772,3.4772,0.49%,限制大额申购,开放赎回
2025-05-15,3.4807,3.4807,0.10%,限制大额申购,开放赎回
2025-05-16,3.4943,3.4943,0.39%,限制大额申购,开放赎回
2025-05-19,3.4961,3.4961,0.05%,限制大额申购,开放赎回
2025-05-20,3.4839,3.4839,-0.35%,限制大额申购,开放赎回
2025-05-21,3.4400,3.4400,-1.26%,限制大额申购,开放赎回
2025-05-22,3.4434,3.4434,0.10%,限制大额申购,开放赎回
2025-05-23,3.4135,3.4135,-0.87%,限制大额申购,开放赎回
2025-05-26,3.4095,3.4095,-0.12%,暂停申购,暂停赎回
2025-05-27,3.4885,3.4885,2.32%,限制大额申购,开放赎回
2025-05-28,3.4743,3.4743,-0.41%,限制大额申购,开放赎回
2025-05-29,3.4820,3.4820,0.22%,限制大额申购,开放赎回
2025-05-30,3.4759,3.4759,-0.18%,限制大额申购,开放赎回
2025-06-03,3.5263,3.5263,1.45%,限制大额申购,开放赎回
2025-06-04,3.5363,3.5363,0.28%,限制大额申购,开放赎回
2025-06-05,3.5085,3.5085,-0.79%,限制大额申购,开放赎回
2025-06-06,3.5411,3.5411,0.93%,限制大额申购,开放赎回
2025-06-09,3.5471,3.5471,0.17%,限制大额申购,开放赎回
2025-06-10,3.5686,3.5686,0.61%,限制大额申购,开放赎回
2025-06-11,3.5549,3.5549,-0.38%,限制大额申购,开放赎回
2025-06-12,3.5623,3.5623,0.21%,限制大额申购,开放赎回
2025-06-13,3.5176,3.5176,-1.25%,限制大额申购,开放赎回
2025-06-16,3.5655,3.5655,1.36%,限制大额申购,开放赎回
2025-06-17,3.5298,3.5298,-1.00%,限制大额申购,开放赎回
2025-06-18,3.5304,3.5304,0.02%,限制大额申购,开放赎回
2025-06-19,3.5288,3.5288,-0.05%,暂停申购,暂停赎回
2025-06-20,3.5130,3.5130,-0.45%,限制大额申购,开放赎回
2025-06-23,3.5491,3.5491,1.03%,限制大额申购,开放赎回
2025-06-24,3.5980,3.5980,1.38%,限制大额申购,开放赎回
2025-06-25,3.6058,3.6058,0.22%,限制大额申购,开放赎回
2025-06-26,3.6357,3.6357,0.83%,限制大额申购,开放赎回
2025-06-27,3.6496,3.6496,0.38%,限制大额申购,开放赎回
2025-06-30,3.6696,3.6696,0.55%,限制大额申购,开放赎回
2025-07-01,3.6360,3.6360,-0.92%,限制大额申购,开放赎回
2025-07-02,3.6618,3.6618,0.71%,限制大额申购,开放赎回
2025-07-03,3.6955,3.6955,0.92%,限制大额申购,开放赎回
2025-07-04,3.6958,3.6958,0.01%,暂停申购,暂停赎回
2025-07-07,3.6665,3.6665,-0.79%,限制大额申购,开放赎回
2025-07-08,3.6704,3.6704,0.11%,限制大额申购,开放赎回
2025-07-09,3.6956,3.6956,0.69%,限制大额申购,开放赎回
2025-07-10,3.6887,3.6887,-0.19%,限制大额申购,开放赎回
2025-07-11,3.6794,3.6794,-0.25%,限制大额申购,开放赎回
2025-07-14,3.6914,3.6914,0.33%,限制大额申购,开放赎回
2025-07-15,3.6962,3.6962,0.13%,限制大额申购,开放赎回
2025-07-16,3.7010,3.7010,0.13%,限制大额申购,开放赎回
2025-07-17,3.7238,3.7238,0.62%,限制大额申购,开放赎回
2025-07-18,3.7236,3.7236,-0.01%,限制大额申购,开放赎回
2025-07-21,3.7421,3.7421,0.50%,限制大额申购,开放赎回
2025-07-22,3.7211,3.7211,-0.56%,限制大额申购,开放赎回
2025-07-23,3.7339,3.7339,0.34%,限制大额申购,开放赎回
2025-07-24,3.7410,3.7410,0.19%,限制大额申购,开放赎回
2025-07-25,3.7506,3.7506,0.26%,限制大额申购,开放赎回
2025-07-28,3.7654,3.7654,0.39%,限制大额申购,开放赎回
2025-07-29,3.7603,3.7603,-0.14%,限制大额申购,开放赎回
2025-07-30,3.7623,3.7623,0.05%,限制大额申购,开放赎回
2025-07-31,3.7458,3.7458,-0.44%,限制大额申购,开放赎回
2025-08-01,3.6766,3.6766,-1.85%,限制大额申购,开放赎回
2025-08-04,3.7358,3.7358,1.61%,限制大额申购,开放赎回
2025-08-05,3.7082,3.7082,-0.74%,限制大额申购,开放赎回
2025-08-06,3.7552,3.7552,1.27%,限制大额申购,开放赎回
2025-08-07,3.7631,3.7631,0.21%,限制大额申购,开放赎回
2025-08-08,3.7985,3.7985,0.94%,限制大额申购,开放赎回
2025-08-11,3.7871,3.7871,-0.30%,限制大额申购,开放赎回
2025-08-12,3.8349,3.8349,1.26%,限制大额申购,开放赎回
2025-08-13,3.8328,3.8328,-0.05%,限制大额申购,开放赎回
2025-08-14,3.8295,3.8295,-0.09%,限制大额申购,开放赎回
2025-08-15,3.8131,3.8131,-0.43%,限制大额申购,开放赎回
2025-08-18,3.8106,3.8106,-0.07%,限制大额申购,开放赎回
2025-08-19,3.7624,3.7624,-1.26%,限制大额申购,开放赎回
2025-08-20,3.7428,3.7428,-0.52%,限制大额申购,开放赎回
2025-08-21,3.7223,3.7223,-0.55%,限制大额申购,开放赎回
2025-08-22,3.7776,3.7776,1.49%,限制大额申购,开放赎回
2025-08-25,3.7581,3.7581,-0.52%,限制大额申购,开放赎回
2025-08-26,3.7743,3.7743,0.43%,限制大额申购,开放赎回
2025-08-27,3.7761,3.7761,0.05%,限制大额申购,开放赎回
2025-08-28,3.7944,3.7944,0.48%,限制大额申购,开放赎回
2025-08-29,3.7495,3.7495,-1.18%,限制大额申购,开放赎回
2025-09-01,3.7512,3.7512,0.05%,暂停申购,暂停赎回
2025-09-02,3.7241,3.7241,-0.72%,限制大额申购,开放赎回
2025-09-03,3.7524,3.7524,0.76%,限制大额申购,开放赎回
2025-09-04,3.7825,3.7825,0.80%,限制大额申购,开放赎回
2025-09-05,3.7863,3.7863,0.10%,限制大额申购,开放赎回
2025-09-08,3.8010,3.8010,0.39%,限制大额申购,开放赎回
2025-09-09,3.8114,3.8114,0.27%,限制大额申购,开放赎回
2025-09-10,3.8153,3.8153,0.10%,限制大额申购,开放赎回
2025-09-11,3.8353,3.8353,0.52%,限制大额申购,开放赎回
2025-09-12,3.8494,3.8494,0.37%,限制大额申购,开放赎回
2025-09-15,3.8817,3.8817,0.84%,限制大额申购,开放赎回
2025-09-16,3.8772,3.8772,-0.12%,限制大额申购,开放赎回
2025-09-17,3.8686,3.8686,-0.22%,限制大额申购,开放赎回
2025-09-18,3.9067,3.9067,0.98%,限制大额申购,开放赎回
2025-09-19,3.9346,3.9346,0.71%,限制大额申购,开放赎回
2025-09-22,3.9541,3.9541,0.50%,限制大额申购,开放赎回
2025-09-23,3.9241,3.9241,-0.76%,限制大额申购,开放赎回
2025-09-24,3.9127,3.9127,-0.29%,限制大额申购,开放赎回
2025-09-25,3.8983,3.8983,-0.37%,限制大额申购,开放赎回
2025-09-26,3.9158,3.9158,0.45%,限制大额申购,开放赎回
2025-09-29,3.9289,3.9289,0.33%,限制大额申购,开放赎回
2025-09-30,3.9373,3.9373,0.21%,限制大额申购,开放赎回
2025-10-09,4.0025,4.0025,1.66%,限制大额申购,开放赎回
2025-10-10,3.8671,3.8671,-3.38%,限制大额申购,开放赎回
2025-10-13,3.9446,3.9446,2.00%,限制大额申购,开放赎回
2025-10-14,3.9194,3.9194,-0.64%,限制大额申购,开放赎回
2025-10-15,3.9430,3.9430,0.60%,限制大额申购,开放赎回
2025-10-16,3.9284,3.9284,-0.37%,限制大额申购,开放赎回
2025-10-17,3.9514,3.9514,0.59%,限制大额申购,开放赎回
2025-10-20,4.0011,4.0011,1.26%,限制大额申购,开放赎回
2025-10-21,3.9968,3.9968,-0.11%,限制大额申购,开放赎回
2025-10-22,3.9605,3.9605,-0.91%,限制大额申购,开放赎回
2025-10-23,3.9914,3.9914,0.78%,限制大额申购,开放赎回
2025-10-24,4.0303,4.0303,0.97%,限制大额申购,开放赎回
2025-10-27,4.0952,4.0952,1.61%,限制大额申购,开放赎回
2025-10-28,4.1214,4.1214,0.64%,限制大额申购,开放赎回
2025-10-29,4.1359,4.1359,0.35%,限制大额申购,开放赎回
2025-10-30,4.0789,4.0789,-1.38%,限制大额申购,开放赎回
2025-10-31,4.0976,4.0976,0.46%,限制大额申购,开放赎回
2025-11-03,4.1126,4.1126,0.37%,限制大额申购,开放赎回
2025-11-04,4.0340,4.0340,-1.91%,限制大额申购,开放赎回
2025-11-05,4.0610,4.0610,0.67%,限制大额申购,开放赎回
2025-11-06,3.9856,3.9856,-1.86%,限制大额申购,开放赎回
2025-11-07,3.9726,3.9726,-0.33%,限制大额申购,开放赎回
2025-11-10,4.0562,4.0562,2.10%,限制大额申购,开放赎回
2025-11-11,4.0443,4.0443,-0.29%,限制大额申购,开放赎回
2025-11-12,4.0398,4.0398,-0.11%,限制大额申购,开放赎回
2025-11-13,3.9619,3.9619,-1.93%,限制大额申购,开放赎回
2025-11-14,3.9611,3.9611,-0.02%,限制大额申购,开放赎回
2025-11-17,3.9282,3.9282,-0.83%,限制大额申购,开放赎回
2025-11-18,3.8848,3.8848,-1.10%,限制大额申购,开放赎回
2025-11-19,3.9053,3.9053,0.53%,限制大额申购,开放赎回
2025-11-20,3.8186,3.8186,-2.22%,限制大额申购,开放赎回
2025-11-21,3.8438,3.8438,0.66%,限制大额申购,开放赎回
2025-11-24,3.9372,3.9372,2.43%,限制大额申购,开放赎回
2025-11-25,3.9563,3.9563,0.49%,限制大额申购,开放赎回
2025-11-26,3.9864,3.9864,0.76%,限制大额申购,开放赎回
2025-11-27,3.9843,3.9843,-0.05%,暂停申购,暂停赎回
2025-11-28,4.0131,4.0131,0.72%,限制大额申购,开放赎回
2025-12-01,3.9970,3.9970,-0.40%,限制大额申购,开放赎回
2025-12-02,4.0300,4.0300,0.83%,限制大额申购,开放赎回
2025-12-03,4.0353,4.0353,0.13%,限制大额申购,开放赎回
2025-12-04,4.0302,4.0302,-0.13%,限制大额申购,开放赎回
2025-12-05,4.0475,4.0475,0.43%,限制大额申购,开放赎回
2025-12-08,4.0385,4.0385,-0.22%,限制大额申购,开放赎回
2025-12-09,4.0449,4.0449,0.16%,限制大额申购,开放赎回
2025-12-10,4.0591,4.0591,0.35%,限制大额申购,开放赎回
2025-12-11,4.0424,4.0424,-0.41%,限制大额申购,开放赎回
2025-12-12,3.9665,3.9665,-1.88%,限制大额申购,开放赎回
2025-12-15,3.9484,3.9484,-0.46%,限制大额申购,开放赎回
2025-12-16,3.9548,3.9548,0.16%,限制大额申购,开放赎回
2025-12-17,3.8814,3.8814,-1.86%,限制大额申购,开放赎回
2025-12-18,3.9369,3.9369,1.43%,限制大额申购,开放赎回
2025-12-19,3.9835,3.9835,1.18%,限制大额申购,开放赎回
2025-12-22,4.0015,4.0015,0.45%,限制大额申购,开放赎回
2025-12-23,4.0175,4.0175,0.40%,限制大额申购,开放赎回
2025-12-24,4.0249,4.0249,0.18%,限制大额申购,开放赎回
2025-12-25,4.0208,4.0208,-0.10%,暂停申购,暂停赎回
2025-12-26,4.0172,4.0172,-0.09%,限制大额申购,开放赎回
2025-12-29,3.9980,3.9980,-0.48%,限制大额申购,开放赎回
2025-12-30,3.9896,3.9896,-0.21%,限制大额申购,开放赎回
2025-12-31,3.9549,3.9549,-0.87%,限制大额申购,开放赎回
2026-01-05,3.9741,3.9741,0.49%,限制大额申购,开放赎回
2026-01-06,4.0064,4.0064,0.81%,限制大额申购,开放赎回
2026-01-07,4.0092,4.0092,0.07%,限制大额申购,开放赎回
2026-01-08,3.9878,3.9878,-0.53%,限制大额申购,开放赎回
2026-01-09,4.0224,4.0224,0.87%,限制大额申购,开放赎回
2026-01-12,4.0245,4.0245,0.05%,限制大额申购,开放赎回
2026-01-13,4.0172,4.0172,-0.18%,限制大额申购,开放赎回
2026-01-14,3.9775,3.9775,-0.99%,限制大额申购,开放赎回
2026-01-15,3.9864,3.9864,0.22%,限制大额申购,开放赎回
2026-01-16,3.9846,3.9846,-0.05%,限制大额申购,开放赎回
2026-01-19,3.9830,3.9830,-0.04%,暂停申购,暂停赎回
2026-01-20,3.9001,3.9001,-2.08%,限制大额申购,开放赎回
2026-01-21,3.9509,3.9509,1.30%,限制大额申购,开放赎回
2026-01-22,3.9796,3.9796,0.73%,限制大额申购,开放赎回
2026-01-23,3.9879,3.9879,0.21%,限制大额申购,开放赎回
2026-01-26,3.9992,3.9992,0.28%,限制大额申购,开放赎回
2026-01-27,4.0335,4.0335,0.86%,限制大额申购,开放赎回
2026-01-28,4.0404,4.0404,0.17%,限制大额申购,开放赎回
2026-01-29,4.0204,4.0204,-0.50%,限制大额申购,开放赎回
2026-01-30,3.9671,3.9671,-1.33%,限制大额申购,开放赎回
2026-02-02,3.9950,3.9950,0.70%,限制大额申购,开放赎回
2026-02-03,3.9320,3.9320,-1.58%,限制大额申购,开放赎回
2026-02-04,3.8625,3.8625,-1.77%,限制大额申购,开放赎回
2026-02-05,3.8139,3.8139,-1.26%,限制大额申购,开放赎回
2026-02-06,3.8918,3.8918,2.04%,限制大额申购,开放赎回
2026-02-09,3.9169,3.9169,0.64%,限制大额申购,开放赎回
2026-02-10,3.8929,3.8929,-0.61%,限制大额申购,开放赎回
2026-02-11,3.9027,3.9027,0.25%,限制大额申购,开放赎回
2026-02-12,3.8281,3.8281,-1.91%,限制大额申购,开放赎回
2026-02-13,3.8322,3.8322,0.11%,限制大额申购,开放赎回
2026-02-24,3.8686,3.8686,0.95%,限制大额申购,开放赎回
2026-02-25,3.9153,3.9153,1.21%,限制大额申购,开放赎回
2026-02-26,3.8674,3.8674,-1.22%,限制大额申购,开放赎回
2026-02-27,3.8569,3.8569,-0.27%,限制大额申购,开放赎回
2026-03-02,3.8619,3.8619,0.13%,限制大额申购,开放赎回
2026-03-03,3.8148,3.8148,-1.22%,限制大额申购,开放赎回
2026-03-04,3.8710,3.8710,1.47%,限制大额申购,开放赎回
2026-03-05,3.8546,3.8546,-0.42%,限制大额申购,开放赎回
2026-03-06,3.8007,3.8007,-1.40%,限制大额申购,开放赎回
2026-03-09,3.8546,3.8546,1.42%,限制大额申购,开放赎回
2026-03-10,3.8445,3.8445,-0.26%,限制大额申购,开放赎回
2026-03-11,3.8425,3.8425,-0.05%,限制大额申购,开放赎回
2026-03-12,3.7815,3.7815,-1.59%,限制大额申购,开放赎回
2026-03-13,3.7618,3.7618,-0.52%,限制大额申购,开放赎回
2026-03-16,3.8043,3.8043,1.13%,限制大额申购,开放赎回
2026-03-17,3.8178,3.8178,0.35%,限制大额申购,开放赎回
2026-03-18,3.7633,3.7633,-1.43%,限制大额申购,开放赎回
2026-03-19,3.7564,3.7564,-0.18%,暂停申购,开放赎回
2026-03-20,3.6858,3.6858,-1.88%,暂停申购,开放赎回
2026-03-23,3.7354,3.7354,1.35%,暂停申购,开放赎回
2026-03-24,3.7033,3.7033,-0.86%,暂停申购,开放赎回
2026-03-25,3.7251,3.7251,0.59%,暂停申购,开放赎回
2026-03-26,3.6476,3.6476,-2.08%,暂停申购,开放赎回
2026-03-27,3.5847,3.5847,-1.72%,暂停申购,开放赎回
2026-03-30,3.5620,3.5620,-0.63%,暂停申购,开放赎回
2026-03-31,3.6759,3.6759,3.20%,暂停申购,开放赎回
2026-04-01,3.7090,3.7090,0.90%,暂停申购,开放赎回
2026-04-02,3.7060,3.7060,-0.08%,暂停申购,开放赎回
2026-04-03,3.7083,3.7083,0.06%,暂停申购,暂停赎回
2026-04-07,3.7274,3.7274,0.52%,暂停申购,开放赎回
2026-04-08,3.8212,3.8212,2.52%,暂停申购,开放赎回
2026-04-09,3.8454,3.8454,0.63%,暂停申购,开放赎回
2026-04-10,3.8507,3.8507,0.14%,暂停申购,开放赎回
2026-04-13,3.8893,3.8893,1.00%,暂停申购,开放赎回
2026-04-14,3.9524,3.9524,1.62%,暂停申购,开放赎回
2026-04-15,4.0044,4.0044,1.32%,暂停申购,开放赎回
2026-04-16,4.0247,4.0247,0.51%,暂停申购,开放赎回
2026-04-17,4.0745,4.0745,1.24%,暂停申购,开放赎回
2026-04-20,4.0638,4.0638,-0.26%,暂停申购,开放赎回
2026-04-21,4.0448,4.0448,-0.47%,暂停申购,开放赎回
2026-04-22,4.1137,4.1137,1.70%,暂停申购,开放赎回
2026-04-23,4.0923,4.0923,-0.52%,暂停申购,开放赎回
2026-04-24,4.1688,4.1688,1.87%,暂停申购,开放赎回
2026-04-27,4.1637,4.1637,-0.12%,暂停申购,开放赎回
2026-04-28,4.1244,4.1244,-0.94%,暂停申购,开放赎回
2026-04-29,4.1486,4.1486,0.59%,暂停申购,开放赎回
